
INSERT INTO subjects VALUES (1, 'certificate'), (2, 'math'), (3, 'biology'), (4, 'geography'), (5, 'english'), (6, 'russian'), (7, 'history');
INSERT INTO UNIVERSITIES (id, NAME) VALUES (1, 'University#1');
INSERT INTO FACULTIES(id, INFORMATION, NAME, UNIVERSITIES_ID) VALUES (1, 'Faculty#1','Faculty#1',1), (2, 'Faculty#2','Faculty#2',1), (3, 'Faculty#3','Faculty#3',1), (4, 'Faculty#4','Faculty#4',1);
INSERT INTO groups(id, ENROLL_MARK, COUNT_OF_USERS, COUNT_OF_ALL_USERS, INFORMATION, VALID_TILL,COUNT,ISSUE_DATE, QUALIFY, FACULTIES_ID) VALUES (1,0,0,0,'group#1','2018-03-17',15,'2018-03-17','programmer',2), (2,0,0,0,'group#2','2018-03-17',7,'2018-03-17','programmer',2), (3,0,0,0,'group#3','2018-03-17',10,'2018-03-17','programmer',1), (4,0,0,0,'group#4','2018-03-17',10,'2018-03-17','programmer',3), (5,0,0,0,'group#5','2018-03-17',25,'2018-03-17','programmer',4), (6,0,0,0,'group#6','2018-03-17',30,'2018-03-17','programmer',3), (7,0,0,0,'group#7','2018-03-17',15,'2018-03-17','programmer',1), (8,0,0,0,'group#8','2018-03-17',25,'2018-03-17','programmer',3), (9,0,0,0,'group#9','2018-03-17',10,'2018-03-17','programmer',4), (10,0,0,0,'group#10','2018-03-17',10,'2018-03-17','programmer',3), (11,0,0,0,'group#11','2018-03-17',5,'2018-03-17','programmer',2), (12,0,0,0,'group#12','2018-03-17',4,'2018-03-17','programmer',4), (13,0,0,0,'group#13','2018-03-17',4,'2018-03-17','programmer',2), (14,0,0,0,'group#14','2018-03-17',5,'2018-03-17','programmer',2), (15,0,0,0,'group#15','2018-03-17',3,'2018-03-17','programmer',3), (16,0,0,0,'group#16','2018-03-17',5,'2018-03-17','programmer',2), (17,0,0,0,'group#17','2018-03-17',3,'2018-03-17','programmer',3), (18,0,0,0,'group#18','2018-03-17',3,'2018-03-17','programmer',1), (19,0,0,0,'group#19','2018-03-17',8,'2018-03-17','programmer',2), (20,0,0,0,'group#20','2018-03-17',9,'2018-03-17','programmer',2), (21,0,0,0,'group#21','2018-03-17',6,'2018-03-17','programmer',2), (22,0,0,0,'group#22','2018-03-17',10,'2018-03-17','programmer',1), (23,0,0,0,'group#23','2018-03-17',9,'2018-03-17','programmer',4), (24,0,0,0,'group#24','2018-03-17',4,'2018-03-17','programmer',3), (25,0,0,0,'group#25','2018-03-17',8,'2018-03-17','programmer',3), (26,0,0,0,'group#26','2018-03-17',3,'2018-03-17','programmer',1), (27,0,0,0,'group#27','2018-03-17',6,'2018-03-17','programmer',1), (28,0,0,0,'group#28','2018-03-17',10,'2018-03-17','programmer',4), (29,0,0,0,'group#29','2018-03-17',10,'2018-03-17','programmer',2), (30,0,0,0,'group#30','2018-03-17',7,'2018-03-17','programmer',3);
INSERT INTO groups_subjects(SUBJECTS_ID, GROUPS_ID)  VALUES (1,1), (3,1), (2,1), (1,2), (5,2), (4,2), (1,3), (6,3), (3,3), (1,4), (4,4), (2,4), (1,5), (7,5), (2,5), (1,6), (4,6), (7,6), (1,7), (5,7), (4,7), (1,8), (4,8), (6,8), (1,9), (6,9), (5,9), (1,10), (5,10), (6,10), (1,11), (3,11), (6,11), (1,12), (3,12), (5,12), (1,13), (7,13), (6,13), (1,14), (3,14), (6,14), (1,15), (6,15), (3,15), (1,16), (3,16), (4,16), (1,17), (7,17), (3,17), (1,18), (5,18), (2,18), (1,19), (7,19), (3,19), (1,20), (7,20), (2,20), (1,21), (5,21), (7,21), (1,22), (5,22), (4,22), (1,23), (6,23), (7,23), (1,24), (5,24), (4,24), (1,25), (4,25), (5,25), (1,26), (6,26), (4,26), (1,27), (4,27), (2,27), (1,28), (4,28), (3,28), (1,29), (3,29), (4,29), (1,30), (5,30), (7,30);
INSERT INTO users(id, name, lastname, patronymic, groups_id) VALUES (1,'Daniel','Turner','Wood',13), (2,'Zhenya','Wilson','Wood',7), (3,'Zhenya','Jones','Brown',30), (4,'Ethan','Wilson','Brown',17), (5,'Mark','Green','Adams',26), (6,'Abby','Johnson','Brown',8), (7,'Lucas','Miller','Green',25), (8,'Daniel','Adams','Adams',1), (9,'Abby','Jones','Wood',2), (10,'Daniel','Wilson','Wood',3), (11,'Zhenya','Miller','Scott',28), (12,'James','Smith','Brown',24), (13,'Abby','Turner','Scott',23), (14,'Lucas','Jones','Wilson',13), (15,'Mark','Miller','Wood',28), (16,'Oliver','Brown','Wood',18), (17,'Liam','Wilson','Smith',25), (18,'Daniel','Brown','Brown',6), (19,'Abby','Adams','Jones',15), (20,'Daniel','Scott','Johnson',1), (21,'Abby','Johnson','Green',29), (22,'Abby','Adams','Adams',18), (23,'Abby','Miller','Brown',16), (24,'Benjamin','Wilson','Brown',7), (25,'Benjamin','Turner','Adams',15), (26,'Mark','Miller','Johnson',30), (27,'Abby','Wilson','Jones',26), (28,'Daniel','Wilson','Brown',7), (29,'Ethan','Wood','Turner',6), (30,'James','Jones','Turner',26), (31,'Abby','Brown','Smith',28), (32,'Zhenya','Miller','Brown',28), (33,'Benjamin','Green','Johnson',30), (34,'James','Adams','Brown',4), (35,'Mark','Scott','Adams',24), (36,'Michael','Smith','Miller',10), (37,'Mark','Turner','Smith',15), (38,'Oliver','Jones','Miller',10), (39,'Abby','Jones','Wood',25), (40,'Michael','Adams','Wilson',1), (41,'Benjamin','Green','Jones',14), (42,'Ethan','Jones','Scott',29), (43,'Mark','Johnson','Wilson',4), (44,'James','Smith','Jones',3), (45,'James','Jones','Wilson',9), (46,'Abby','Smith','Johnson',11), (47,'Benjamin','Smith','Turner',20), (48,'Michael','Johnson','Turner',8), (49,'Zhenya','Scott','Scott',7), (50,'Lucas','Smith','Johnson',29), (51,'Benjamin','Smith','Miller',7), (52,'Ethan','Scott','Brown',25), (53,'Zhenya','Turner','Miller',24), (54,'James','Miller','Wilson',17), (55,'James','Miller','Wood',1), (56,'Michael','Turner','Jones',3), (57,'Noah','Adams','Wood',5), (58,'Mark','Brown','Wilson',6), (59,'Benjamin','Adams','Wood',9), (60,'Oliver','Turner','Smith',11), (61,'Ethan','Wilson','Turner',19), (62,'Mark','Smith','Jones',7), (63,'Liam','Turner','Smith',9), (64,'Daniel','Turner','Turner',7), (65,'James','Turner','Wood',1), (66,'Mark','Smith','Scott',30), (67,'Abby','Adams','Johnson',13), (68,'Benjamin','Smith','Brown',11), (69,'Ethan','Wood','Green',28), (70,'Benjamin','Wood','Miller',28), (71,'Michael','Green','Jones',13), (72,'Ethan','Johnson','Adams',4), (73,'Mark','Jones','Brown',15), (74,'Ethan','Jones','Turner',2), (75,'Noah','Miller','Smith',17), (76,'Daniel','Smith','Smith',25), (77,'Michael','Turner','Brown',11), (78,'Abby','Green','Jones',30), (79,'Daniel','Turner','Turner',29), (80,'James','Green','Wood',27), (81,'Oliver','Green','Smith',28), (82,'Oliver','Wood','Johnson',29), (83,'Liam','Miller','Smith',3), (84,'Daniel','Smith','Wood',10), (85,'Lucas','Turner','Adams',24), (86,'Benjamin','Jones','Wood',24), (87,'Oliver','Smith','Turner',29), (88,'Daniel','Smith','Green',25), (89,'Ethan','Johnson','Smith',19), (90,'Liam','Adams','Johnson',17), (91,'Oliver','Johnson','Wilson',11), (92,'Zhenya','Smith','Jones',14), (93,'Zhenya','Johnson','Turner',22), (94,'James','Johnson','Johnson',20), (95,'Liam','Wilson','Wilson',1), (96,'Zhenya','Wilson','Turner',23), (97,'Benjamin','Smith','Miller',25), (98,'James','Miller','Scott',13), (99,'Mark','Green','Brown',27), (100,'Mark','Adams','Miller',12), (101,'Michael','Scott','Johnson',2), (102,'Mark','Johnson','Turner',26), (103,'Noah','Jones','Adams',19), (104,'Noah','Jones','Jones',7), (105,'James','Scott','Turner',9), (106,'Abby','Adams','Wilson',16), (107,'Benjamin','Johnson','Smith',3), (108,'Liam','Scott','Turner',7), (109,'Lucas','Miller','Jones',29), (110,'Zhenya','Johnson','Johnson',24), (111,'Ethan','Brown','Smith',1), (112,'Liam','Johnson','Brown',4), (113,'Daniel','Smith','Green',3), (114,'Noah','Adams','Turner',21), (115,'Oliver','Miller','Smith',24), (116,'Mark','Turner','Scott',26), (117,'Noah','Smith','Johnson',13), (118,'Daniel','Smith','Wood',7), (119,'Abby','Wilson','Jones',30), (120,'Liam','Smith','Miller',29), (121,'Daniel','Jones','Turner',8), (122,'Oliver','Smith','Miller',10), (123,'Lucas','Adams','Turner',30), (124,'Ethan','Johnson','Scott',13), (125,'Michael','Johnson','Wood',13), (126,'Noah','Miller','Wood',16), (127,'Michael','Smith','Wood',30), (128,'Daniel','Johnson','Green',5), (129,'Zhenya','Smith','Wilson',12), (130,'Ethan','Adams','Smith',12), (131,'Benjamin','Johnson','Wilson',18), (132,'Benjamin','Wilson','Brown',12), (133,'Noah','Scott','Adams',18), (134,'Abby','Wilson','Brown',10), (135,'Daniel','Miller','Miller',22), (136,'Liam','Green','Johnson',16), (137,'Ethan','Smith','Smith',30), (138,'Lucas','Jones','Jones',7), (139,'Daniel','Turner','Jones',23), (140,'Benjamin','Wood','Adams',28), (141,'Zhenya','Johnson','Wood',24), (142,'James','Green','Scott',24), (143,'Noah','Jones','Green',19), (144,'James','Scott','Brown',30), (145,'Lucas','Miller','Turner',24), (146,'Daniel','Brown','Miller',24), (147,'Oliver','Jones','Green',5), (148,'Ethan','Turner','Brown',5), (149,'James','Scott','Scott',4), (150,'Ethan','Wood','Wilson',5), (151,'Benjamin','Scott','Wilson',8), (152,'Abby','Miller','Wilson',15), (153,'Benjamin','Miller','Green',29), (154,'Liam','Wilson','Wilson',24), (155,'Noah','Wilson','Miller',25), (156,'Abby','Johnson','Adams',18), (157,'Daniel','Brown','Brown',11), (158,'Liam','Jones','Scott',26), (159,'Daniel','Green','Scott',2), (160,'Ethan','Adams','Wilson',12), (161,'Benjamin','Wood','Adams',25), (162,'Abby','Wilson','Adams',5), (163,'Michael','Johnson','Turner',17), (164,'Zhenya','Wood','Scott',4), (165,'Ethan','Wood','Adams',9), (166,'Daniel','Miller','Wood',13), (167,'Ethan','Johnson','Brown',4), (168,'Noah','Wood','Turner',2), (169,'Michael','Johnson','Johnson',13), (170,'Lucas','Scott','Turner',3), (171,'Michael','Brown','Jones',16), (172,'Ethan','Smith','Jones',21), (173,'Noah','Turner','Turner',3), (174,'Ethan','Turner','Johnson',30), (175,'Ethan','Wilson','Green',9), (176,'James','Brown','Brown',18), (177,'Mark','Miller','Wood',23), (178,'Oliver','Adams','Adams',21), (179,'Noah','Wilson','Green',6), (180,'Noah','Scott','Smith',21), (181,'Ethan','Turner','Green',9), (182,'Lucas','Wood','Wood',29), (183,'Lucas','Miller','Smith',2), (184,'Ethan','Wilson','Smith',12), (185,'Abby','Scott','Green',29), (186,'James','Johnson','Adams',9), (187,'Mark','Adams','Wood',2), (188,'Daniel','Johnson','Jones',21), (189,'Daniel','Brown','Green',5), (190,'Oliver','Smith','Green',13), (191,'Michael','Scott','Scott',7), (192,'James','Turner','Brown',8), (193,'Noah','Brown','Green',12), (194,'Noah','Johnson','Jones',5), (195,'Benjamin','Wood','Green',26), (196,'Michael','Scott','Miller',6), (197,'Abby','Turner','Scott',23), (198,'Abby','Turner','Johnson',8), (199,'Benjamin','Brown','Scott',12), (200,'Liam','Wood','Wood',28), (201,'Michael','Wood','Turner',17), (202,'Noah','Adams','Smith',26), (203,'Noah','Wood','Smith',10), (204,'Abby','Green','Smith',3), (205,'Abby','Scott','Wood',14), (206,'Noah','Scott','Miller',2), (207,'Ethan','Johnson','Adams',6), (208,'James','Johnson','Adams',14), (209,'Liam','Wilson','Jones',10), (210,'Oliver','Green','Wilson',19), (211,'Daniel','Smith','Wood',5), (212,'Mark','Smith','Scott',8), (213,'Noah','Turner','Wilson',23), (214,'Lucas','Scott','Brown',13), (215,'Daniel','Green','Wilson',26), (216,'Noah','Brown','Smith',2), (217,'Liam','Miller','Smith',5), (218,'Ethan','Scott','Scott',26), (219,'Oliver','Wood','Smith',24), (220,'Liam','Wilson','Jones',30), (221,'Noah','Adams','Johnson',27), (222,'Abby','Jones','Jones',19), (223,'Daniel','Johnson','Green',2), (224,'Noah','Turner','Wilson',28), (225,'Benjamin','Scott','Wood',15), (226,'Michael','Adams','Smith',12), (227,'Daniel','Brown','Jones',22), (228,'Liam','Jones','Wilson',24), (229,'Mark','Adams','Johnson',17), (230,'Benjamin','Turner','Brown',18), (231,'Abby','Adams','Jones',26), (232,'Abby','Brown','Wilson',20), (233,'Abby','Turner','Scott',12), (234,'Ethan','Scott','Jones',7), (235,'Oliver','Smith','Scott',16), (236,'Benjamin','Green','Miller',23), (237,'Noah','Adams','Turner',7), (238,'Abby','Scott','Miller',27), (239,'Noah','Miller','Johnson',11), (240,'Noah','Adams','Johnson',26), (241,'Benjamin','Turner','Smith',27), (242,'Liam','Smith','Jones',21), (243,'Zhenya','Johnson','Jones',17), (244,'Oliver','Jones','Smith',19), (245,'Oliver','Jones','Brown',23), (246,'Mark','Brown','Wilson',14), (247,'Zhenya','Wood','Miller',7), (248,'Abby','Johnson','Turner',2), (249,'Noah','Brown','Miller',6), (250,'Mark','Johnson','Scott',9), (251,'Abby','Wood','Johnson',12), (252,'Abby','Johnson','Adams',14), (253,'Zhenya','Wood','Wilson',28), (254,'Benjamin','Smith','Jones',14), (255,'Mark','Miller','Turner',14), (256,'Noah','Wilson','Green',22), (257,'James','Adams','Miller',17), (258,'Ethan','Adams','Wilson',13), (259,'Lucas','Miller','Turner',12), (260,'Noah','Johnson','Wilson',9), (261,'Liam','Green','Wilson',19), (262,'Benjamin','Miller','Scott',6), (263,'Ethan','Turner','Johnson',27), (264,'Oliver','Turner','Wood',15), (265,'Mark','Miller','Green',22), (266,'Liam','Green','Turner',4), (267,'James','Wood','Wood',11), (268,'James','Wilson','Brown',17), (269,'Zhenya','Wilson','Brown',24), (270,'Ethan','Brown','Adams',26), (271,'Abby','Smith','Wood',29), (272,'James','Miller','Brown',10), (273,'Liam','Jones','Green',16), (274,'Mark','Miller','Green',30), (275,'Daniel','Johnson','Scott',30), (276,'Michael','Green','Brown',3), (277,'Noah','Scott','Scott',17), (278,'Michael','Wilson','Brown',16), (279,'Zhenya','Wilson','Scott',14), (280,'Ethan','Smith','Miller',27), (281,'Daniel','Turner','Green',16), (282,'Michael','Smith','Scott',4), (283,'Abby','Scott','Miller',18), (284,'Benjamin','Adams','Wood',7), (285,'Daniel','Adams','Jones',30), (286,'Noah','Brown','Adams',12), (287,'Abby','Turner','Brown',3), (288,'Benjamin','Wood','Smith',18), (289,'Zhenya','Wilson','Johnson',1), (290,'Mark','Miller','Brown',20), (291,'Benjamin','Wood','Green',22), (292,'Abby','Brown','Adams',13), (293,'Benjamin','Wood','Green',30), (294,'Noah','Adams','Miller',17), (295,'Michael','Green','Scott',12), (296,'Zhenya','Wilson','Brown',14), (297,'Benjamin','Jones','Scott',23), (298,'Zhenya','Brown','Johnson',15), (299,'Michael','Smith','Johnson',30), (300,'Zhenya','Green','Miller',8), (301,'Lucas','Johnson','Green',15), (302,'James','Green','Johnson',5), (303,'Lucas','Scott','Scott',1), (304,'Zhenya','Miller','Johnson',11), (305,'Mark','Green','Scott',15), (306,'Noah','Smith','Scott',25), (307,'Lucas','Scott','Johnson',16), (308,'Oliver','Turner','Jones',10), (309,'Mark','Wilson','Wood',26), (310,'Zhenya','Jones','Jones',24), (311,'Michael','Miller','Adams',13), (312,'Noah','Scott','Adams',3), (313,'Liam','Turner','Miller',22), (314,'Noah','Adams','Smith',27), (315,'Michael','Adams','Smith',27), (316,'Mark','Green','Miller',1), (317,'Mark','Johnson','Scott',26), (318,'Abby','Green','Brown',28), (319,'Noah','Scott','Jones',16), (320,'Liam','Wilson','Jones',30), (321,'Daniel','Johnson','Turner',12), (322,'Abby','Wilson','Wood',9), (323,'Lucas','Smith','Adams',13), (324,'Oliver','Brown','Wilson',12), (325,'Mark','Wood','Johnson',4), (326,'Noah','Smith','Smith',7), (327,'Oliver','Wilson','Johnson',7), (328,'Liam','Jones','Wilson',24), (329,'James','Miller','Brown',13), (330,'Zhenya','Wood','Brown',15), (331,'Zhenya','Wilson','Jones',30), (332,'Noah','Miller','Wilson',16), (333,'Benjamin','Smith','Turner',1), (334,'Oliver','Miller','Johnson',6), (335,'Michael','Scott','Wood',8), (336,'Ethan','Miller','Green',23), (337,'Liam','Turner','Smith',24), (338,'Michael','Johnson','Johnson',17), (339,'Michael','Wilson','Wilson',2), (340,'James','Adams','Johnson',4), (341,'James','Brown','Miller',3), (342,'Abby','Johnson','Turner',27), (343,'Abby','Miller','Scott',23), (344,'Noah','Green','Wilson',22), (345,'Mark','Wood','Wood',20), (346,'Benjamin','Miller','Jones',11), (347,'Oliver','Green','Jones',16), (348,'James','Johnson','Brown',26), (349,'Ethan','Green','Adams',2), (350,'Ethan','Wilson','Scott',17), (351,'Liam','Johnson','Wilson',17), (352,'Oliver','Wood','Smith',26), (353,'Abby','Smith','Miller',1), (354,'Daniel','Miller','Wilson',10), (355,'Michael','Scott','Adams',8), (356,'Mark','Miller','Brown',13), (357,'Lucas','Smith','Miller',27), (358,'Mark','Brown','Brown',12), (359,'Liam','Wilson','Brown',19), (360,'Daniel','Brown','Wood',23), (361,'Noah','Wood','Wood',4), (362,'Benjamin','Johnson','Scott',17), (363,'Daniel','Wood','Johnson',10), (364,'Zhenya','Smith','Brown',30), (365,'James','Wilson','Turner',7), (366,'Lucas','Wilson','Wood',22), (367,'Benjamin','Jones','Johnson',21), (368,'Liam','Adams','Adams',1), (369,'Benjamin','Wood','Turner',8), (370,'Michael','Wilson','Wilson',20), (371,'Michael','Miller','Smith',24), (372,'Ethan','Wilson','Johnson',6), (373,'Ethan','Johnson','Wood',28), (374,'Noah','Smith','Miller',4), (375,'Michael','Miller','Turner',7), (376,'Noah','Wood','Smith',17), (377,'Liam','Adams','Johnson',16), (378,'Daniel','Miller','Turner',15), (379,'Mark','Wilson','Wilson',23), (380,'James','Brown','Johnson',21), (381,'Lucas','Johnson','Scott',1), (382,'Benjamin','Green','Turner',25), (383,'Ethan','Turner','Johnson',26), (384,'Liam','Scott','Brown',22), (385,'Zhenya','Green','Adams',24), (386,'Mark','Scott','Jones',20), (387,'Benjamin','Wood','Jones',5), (388,'Oliver','Wood','Brown',21), (389,'Abby','Wilson','Adams',16), (390,'Benjamin','Green','Jones',20), (391,'Lucas','Jones','Scott',9), (392,'Noah','Adams','Smith',28), (393,'Noah','Miller','Miller',11), (394,'Benjamin','Wood','Jones',6), (395,'Noah','Turner','Green',29), (396,'Ethan','Turner','Adams',11), (397,'Noah','Turner','Wilson',16), (398,'Noah','Adams','Adams',15), (399,'Michael','Wood','Jones',19), (400,'Zhenya','Adams','Johnson',3), (401,'James','Green','Miller',21), (402,'Liam','Turner','Wood',4), (403,'Mark','Wood','Adams',1), (404,'Zhenya','Scott','Miller',28), (405,'James','Brown','Wood',12), (406,'Oliver','Turner','Miller',19), (407,'Mark','Brown','Green',5), (408,'Daniel','Jones','Miller',8), (409,'Abby','Smith','Wood',14), (410,'Noah','Wilson','Jones',2), (411,'James','Adams','Johnson',24), (412,'Liam','Turner','Turner',14), (413,'Daniel','Adams','Brown',6), (414,'Benjamin','Turner','Scott',10), (415,'James','Wilson','Adams',26), (416,'Abby','Miller','Scott',27), (417,'Ethan','Smith','Johnson',7), (418,'Abby','Wilson','Miller',23), (419,'Noah','Green','Jones',22), (420,'Oliver','Adams','Scott',19), (421,'Noah','Green','Green',6), (422,'Benjamin','Wilson','Green',7), (423,'Michael','Turner','Wood',30), (424,'Ethan','Green','Adams',2), (425,'Benjamin','Green','Jones',8), (426,'Zhenya','Wood','Jones',19), (427,'Michael','Smith','Johnson',20), (428,'Daniel','Wood','Scott',20), (429,'Noah','Brown','Adams',29), (430,'Lucas','Turner','Johnson',19), (431,'Oliver','Wilson','Wood',7), (432,'Mark','Brown','Smith',16), (433,'Michael','Turner','Green',6), (434,'Daniel','Johnson','Scott',16), (435,'Michael','Wood','Johnson',12), (436,'Lucas','Turner','Jones',27), (437,'Daniel','Jones','Adams',29), (438,'Mark','Wilson','Green',5), (439,'James','Scott','Scott',23), (440,'Oliver','Green','Turner',11), (441,'Liam','Turner','Wood',21), (442,'Abby','Brown','Wood',22), (443,'Michael','Green','Smith',4), (444,'Liam','Smith','Wilson',15), (445,'Ethan','Green','Johnson',25), (446,'Liam','Adams','Wilson',3), (447,'Michael','Miller','Brown',22), (448,'Zhenya','Adams','Jones',11), (449,'Zhenya','Wilson','Wilson',18), (450,'Noah','Green','Wood',5), (451,'Ethan','Jones','Brown',9), (452,'Noah','Adams','Adams',20), (453,'Benjamin','Johnson','Adams',3), (454,'Zhenya','Brown','Wilson',11), (455,'Zhenya','Wood','Smith',6), (456,'Benjamin','Brown','Adams',14), (457,'Noah','Brown','Turner',10), (458,'Oliver','Jones','Wood',11), (459,'Zhenya','Johnson','Jones',15), (460,'James','Smith','Adams',6), (461,'Oliver','Brown','Brown',16), (462,'Abby','Adams','Turner',26), (463,'Abby','Scott','Smith',21), (464,'Lucas','Turner','Brown',10), (465,'Ethan','Adams','Jones',20), (466,'Michael','Adams','Jones',1), (467,'Oliver','Johnson','Miller',8), (468,'Abby','Wilson','Green',21), (469,'Oliver','Smith','Scott',29), (470,'James','Turner','Scott',15), (471,'Mark','Johnson','Brown',24), (472,'Oliver','Wood','Brown',8), (473,'Mark','Jones','Johnson',2), (474,'Lucas','Adams','Green',20), (475,'Noah','Miller','Scott',8), (476,'Benjamin','Scott','Johnson',12), (477,'Lucas','Miller','Miller',6), (478,'Noah','Adams','Turner',14), (479,'Daniel','Smith','Green',30), (480,'Ethan','Wood','Turner',17), (481,'Lucas','Turner','Brown',23), (482,'Noah','Turner','Adams',29), (483,'Mark','Smith','Wood',20), (484,'Abby','Jones','Johnson',3), (485,'Liam','Miller','Scott',12), (486,'Benjamin','Wilson','Wilson',4), (487,'Liam','Miller','Brown',28), (488,'Oliver','Miller','Miller',15), (489,'Liam','Adams','Turner',3), (490,'Benjamin','Turner','Miller',1), (491,'Benjamin','Jones','Smith',30), (492,'Daniel','Johnson','Turner',9), (493,'Liam','Miller','Wood',26), (494,'Daniel','Turner','Scott',11), (495,'Benjamin','Turner','Miller',9), (496,'Oliver','Wood','Turner',13), (497,'Ethan','Johnson','Jones',19), (498,'Zhenya','Smith','Green',13), (499,'Zhenya','Turner','Wilson',20), (500,'Ethan','Smith','Scott',13), (501,'Daniel','Jones','Wilson',21), (502,'Benjamin','Green','Turner',1), (503,'Mark','Turner','Green',20), (504,'Oliver','Turner','Adams',14), (505,'Ethan','Smith','Turner',13), (506,'Oliver','Turner','Jones',5), (507,'Abby','Adams','Wilson',6), (508,'Abby','Smith','Johnson',11), (509,'Zhenya','Jones','Turner',27), (510,'Ethan','Brown','Scott',26), (511,'Oliver','Jones','Brown',6), (512,'Michael','Turner','Johnson',27), (513,'Lucas','Smith','Wood',12), (514,'Michael','Jones','Green',26), (515,'James','Johnson','Wilson',3), (516,'Lucas','Wilson','Green',29), (517,'Michael','Brown','Jones',2), (518,'Oliver','Brown','Brown',28), (519,'Ethan','Johnson','Adams',20), (520,'Oliver','Turner','Miller',2), (521,'Daniel','Wilson','Wood',30), (522,'Michael','Turner','Jones',24), (523,'Mark','Smith','Johnson',22), (524,'Mark','Wood','Green',23), (525,'Oliver','Scott','Turner',9), (526,'Oliver','Brown','Miller',22), (527,'Noah','Turner','Brown',12), (528,'Benjamin','Brown','Wood',24), (529,'Benjamin','Brown','Brown',10), (530,'Ethan','Green','Green',20), (531,'Noah','Adams','Wilson',10), (532,'Oliver','Scott','Wilson',6), (533,'Daniel','Scott','Miller',4), (534,'Noah','Wilson','Jones',18), (535,'Abby','Wilson','Scott',5), (536,'James','Wilson','Jones',21), (537,'Daniel','Scott','Smith',16), (538,'Noah','Brown','Wood',14), (539,'Lucas','Wood','Johnson',16), (540,'Mark','Scott','Wilson',29), (541,'Daniel','Wilson','Miller',18), (542,'James','Wilson','Johnson',1), (543,'Oliver','Jones','Johnson',22), (544,'Zhenya','Wood','Jones',8), (545,'Oliver','Wood','Scott',10), (546,'Oliver','Johnson','Brown',14), (547,'Daniel','Brown','Smith',13), (548,'Oliver','Johnson','Green',1), (549,'James','Miller','Turner',15), (550,'Ethan','Smith','Turner',10), (551,'Mark','Green','Brown',11), (552,'Liam','Wood','Brown',4), (553,'Benjamin','Wilson','Turner',1), (554,'James','Jones','Johnson',19), (555,'James','Smith','Wood',24), (556,'Michael','Smith','Jones',29), (557,'Benjamin','Adams','Turner',25), (558,'Daniel','Johnson','Wilson',26), (559,'Ethan','Turner','Scott',13), (560,'James','Johnson','Adams',20), (561,'Liam','Johnson','Wood',19), (562,'Ethan','Scott','Turner',8), (563,'Lucas','Adams','Smith',22), (564,'Zhenya','Wood','Turner',1), (565,'Liam','Turner','Turner',13), (566,'Michael','Wilson','Scott',17), (567,'Ethan','Brown','Smith',15), (568,'Noah','Miller','Wilson',4), (569,'Daniel','Wood','Miller',29), (570,'Zhenya','Adams','Brown',7), (571,'James','Turner','Brown',26), (572,'Abby','Wilson','Johnson',28), (573,'James','Johnson','Johnson',14), (574,'Michael','Wilson','Scott',28), (575,'Mark','Wilson','Smith',9), (576,'Oliver','Green','Green',3), (577,'Mark','Green','Turner',23), (578,'Daniel','Scott','Wilson',26), (579,'Ethan','Smith','Green',14), (580,'James','Miller','Green',24), (581,'Mark','Scott','Miller',29), (582,'Benjamin','Wood','Jones',13), (583,'Abby','Miller','Johnson',26), (584,'Michael','Adams','Johnson',17), (585,'Zhenya','Adams','Johnson',22), (586,'James','Wilson','Miller',15), (587,'Liam','Turner','Scott',25), (588,'Zhenya','Wilson','Scott',14), (589,'Zhenya','Green','Johnson',14), (590,'Noah','Wood','Scott',25), (591,'James','Wilson','Wilson',11), (592,'Michael','Turner','Wood',9), (593,'Noah','Green','Johnson',29), (594,'Mark','Smith','Jones',4), (595,'Mark','Miller','Miller',13), (596,'Michael','Johnson','Wilson',9), (597,'Daniel','Miller','Johnson',24), (598,'Michael','Miller','Scott',4), (599,'Lucas','Miller','Jones',5), (600,'Daniel','Jones','Smith',13), (601,'Michael','Scott','Scott',5), (602,'Abby','Jones','Miller',1), (603,'Zhenya','Green','Miller',11), (604,'Noah','Brown','Green',4), (605,'Noah','Brown','Wood',24), (606,'Noah','Miller','Wilson',1), (607,'Daniel','Adams','Wood',8), (608,'Abby','Wilson','Wood',27), (609,'Mark','Brown','Smith',17), (610,'Noah','Brown','Turner',20), (611,'Mark','Brown','Scott',20), (612,'Zhenya','Scott','Brown',1), (613,'Benjamin','Wilson','Green',26), (614,'Liam','Johnson','Miller',25), (615,'Ethan','Green','Johnson',6), (616,'Abby','Turner','Jones',4), (617,'Michael','Turner','Wilson',30), (618,'James','Wood','Smith',29), (619,'Noah','Wilson','Smith',6), (620,'Zhenya','Wood','Adams',30), (621,'Daniel','Wood','Smith',5), (622,'Lucas','Wilson','Turner',13), (623,'Benjamin','Wood','Johnson',15), (624,'Lucas','Smith','Wilson',28), (625,'Lucas','Wood','Smith',9), (626,'Noah','Adams','Brown',28), (627,'Ethan','Jones','Green',8), (628,'James','Brown','Turner',1), (629,'Benjamin','Jones','Johnson',1), (630,'Zhenya','Turner','Green',28), (631,'Abby','Wilson','Turner',6), (632,'Zhenya','Miller','Smith',19), (633,'Abby','Johnson','Adams',4), (634,'Zhenya','Turner','Adams',19), (635,'Abby','Adams','Scott',29), (636,'Ethan','Wood','Smith',28), (637,'Oliver','Johnson','Miller',21), (638,'Benjamin','Wilson','Smith',22), (639,'Lucas','Miller','Turner',6), (640,'Ethan','Green','Jones',19), (641,'Oliver','Wood','Wilson',14), (642,'Mark','Jones','Brown',10), (643,'Michael','Wilson','Wilson',3), (644,'Benjamin','Miller','Jones',24), (645,'Ethan','Wilson','Wilson',19), (646,'Ethan','Wood','Smith',23), (647,'Mark','Miller','Brown',14), (648,'Mark','Wilson','Miller',18), (649,'Daniel','Johnson','Scott',1), (650,'Benjamin','Scott','Adams',27), (651,'Lucas','Johnson','Brown',28), (652,'Zhenya','Johnson','Adams',20), (653,'Zhenya','Green','Green',23), (654,'Zhenya','Scott','Jones',15), (655,'Michael','Smith','Turner',7), (656,'Noah','Brown','Scott',3), (657,'Benjamin','Wood','Adams',20), (658,'Michael','Miller','Scott',8), (659,'Abby','Scott','Smith',25), (660,'Zhenya','Wilson','Green',4), (661,'Michael','Miller','Miller',26), (662,'James','Miller','Smith',6), (663,'Michael','Jones','Miller',3), (664,'Lucas','Brown','Adams',27), (665,'Zhenya','Turner','Green',22), (666,'Abby','Adams','Smith',3), (667,'Abby','Wilson','Turner',1), (668,'Ethan','Smith','Adams',10), (669,'Liam','Adams','Wilson',20), (670,'James','Miller','Smith',26), (671,'Oliver','Adams','Miller',29), (672,'Daniel','Johnson','Wood',3), (673,'James','Jones','Jones',22), (674,'Ethan','Wilson','Johnson',3), (675,'Zhenya','Jones','Wilson',4), (676,'Michael','Adams','Jones',10), (677,'Michael','Scott','Wood',17), (678,'Mark','Scott','Miller',19), (679,'Michael','Adams','Turner',4), (680,'Michael','Wood','Johnson',14), (681,'Mark','Turner','Adams',9), (682,'Oliver','Jones','Miller',9), (683,'Mark','Miller','Johnson',7), (684,'Zhenya','Wilson','Adams',16), (685,'Ethan','Johnson','Brown',1), (686,'Mark','Wilson','Brown',1), (687,'Daniel','Adams','Green',27), (688,'Ethan','Smith','Miller',24), (689,'Liam','Turner','Green',14), (690,'Abby','Wilson','Wilson',14), (691,'Daniel','Green','Wood',6), (692,'Benjamin','Brown','Brown',15), (693,'Liam','Scott','Miller',20), (694,'Mark','Adams','Turner',15), (695,'Liam','Smith','Wilson',20), (696,'Ethan','Jones','Wilson',4), (697,'Michael','Wilson','Brown',11), (698,'Zhenya','Turner','Scott',1), (699,'Benjamin','Scott','Smith',15), (700,'Lucas','Green','Smith',4), (701,'Zhenya','Miller','Smith',22), (702,'Michael','Green','Wood',28), (703,'Michael','Wilson','Jones',6), (704,'Oliver','Jones','Green',16), (705,'Oliver','Turner','Smith',1), (706,'Mark','Turner','Wood',18), (707,'Benjamin','Miller','Adams',11), (708,'Noah','Green','Adams',2), (709,'Noah','Wood','Wood',27), (710,'Abby','Miller','Johnson',5), (711,'James','Wilson','Green',4), (712,'Mark','Wood','Brown',14), (713,'Daniel','Adams','Wilson',18), (714,'Liam','Jones','Brown',7), (715,'Liam','Turner','Johnson',24), (716,'Mark','Green','Adams',6), (717,'James','Brown','Smith',27), (718,'Michael','Turner','Johnson',26), (719,'Abby','Green','Scott',25), (720,'Abby','Johnson','Johnson',15), (721,'Liam','Brown','Wilson',20), (722,'Michael','Green','Jones',10), (723,'Abby','Johnson','Smith',30), (724,'Benjamin','Wilson','Johnson',22), (725,'Michael','Jones','Wilson',30), (726,'Abby','Wood','Brown',11), (727,'Oliver','Johnson','Wood',25), (728,'Mark','Green','Green',21), (729,'Abby','Miller','Wood',15), (730,'Michael','Brown','Smith',3), (731,'Oliver','Green','Brown',18), (732,'Zhenya','Smith','Green',27), (733,'Liam','Adams','Scott',17), (734,'Zhenya','Johnson','Adams',9), (735,'Michael','Miller','Adams',30), (736,'Liam','Scott','Green',24), (737,'James','Green','Adams',18), (738,'Oliver','Scott','Miller',18), (739,'Oliver','Turner','Johnson',28), (740,'Lucas','Jones','Wood',16), (741,'Mark','Turner','Smith',26), (742,'Zhenya','Scott','Green',6), (743,'Abby','Johnson','Adams',4), (744,'Daniel','Green','Turner',8), (745,'Daniel','Scott','Jones',4), (746,'Mark','Wilson','Turner',20), (747,'James','Smith','Jones',28), (748,'Benjamin','Jones','Miller',8), (749,'Liam','Miller','Brown',11), (750,'Mark','Smith','Turner',5), (751,'Daniel','Wilson','Wilson',11), (752,'Ethan','Johnson','Johnson',3), (753,'Noah','Johnson','Green',22), (754,'Benjamin','Wilson','Scott',11), (755,'Liam','Jones','Smith',30), (756,'Liam','Wilson','Wood',29), (757,'Liam','Johnson','Miller',13), (758,'Lucas','Smith','Johnson',7), (759,'Mark','Brown','Wood',5), (760,'Lucas','Johnson','Scott',21), (761,'Noah','Jones','Johnson',23), (762,'Oliver','Jones','Adams',21), (763,'Liam','Brown','Johnson',25), (764,'Benjamin','Adams','Smith',2), (765,'Ethan','Wood','Wilson',25), (766,'Abby','Adams','Adams',30), (767,'James','Johnson','Brown',30), (768,'Ethan','Scott','Green',20), (769,'Abby','Green','Scott',14), (770,'James','Miller','Scott',14), (771,'Abby','Adams','Miller',15), (772,'Liam','Turner','Adams',4), (773,'Liam','Adams','Brown',3), (774,'Noah','Scott','Smith',26), (775,'Oliver','Brown','Green',15), (776,'Mark','Green','Adams',10), (777,'Noah','Jones','Miller',12), (778,'Zhenya','Johnson','Green',3), (779,'Abby','Wood','Wood',30), (780,'Lucas','Wood','Green',23), (781,'Noah','Scott','Green',4), (782,'Ethan','Brown','Smith',27), (783,'Benjamin','Turner','Green',17), (784,'Liam','Adams','Scott',3), (785,'Mark','Miller','Wood',19), (786,'Noah','Brown','Wilson',18), (787,'James','Scott','Wood',11), (788,'Noah','Scott','Turner',19), (789,'Liam','Smith','Wood',18), (790,'Mark','Wood','Jones',4), (791,'Mark','Miller','Brown',17), (792,'Daniel','Scott','Scott',21), (793,'Lucas','Green','Green',14), (794,'James','Miller','Adams',8), (795,'Abby','Brown','Smith',23), (796,'Mark','Smith','Smith',28), (797,'Oliver','Jones','Smith',14), (798,'Oliver','Jones','Johnson',28), (799,'Benjamin','Smith','Brown',19), (800,'Zhenya','Jones','Turner',17), (801,'Liam','Scott','Brown',15), (802,'Michael','Wilson','Turner',15), (803,'Benjamin','Scott','Miller',18), (804,'Noah','Turner','Jones',16), (805,'James','Wilson','Wood',13), (806,'Abby','Scott','Miller',24), (807,'Zhenya','Scott','Turner',22), (808,'James','Johnson','Adams',17), (809,'Mark','Wilson','Brown',8), (810,'Zhenya','Wood','Smith',4), (811,'Lucas','Miller','Brown',7), (812,'Benjamin','Miller','Brown',15), (813,'Mark','Green','Scott',22), (814,'Abby','Brown','Miller',26), (815,'Benjamin','Wilson','Scott',22), (816,'Michael','Adams','Adams',30), (817,'Ethan','Miller','Wood',5), (818,'Michael','Scott','Jones',13), (819,'Michael','Smith','Scott',6), (820,'Mark','Smith','Adams',4), (821,'Zhenya','Johnson','Scott',8), (822,'Oliver','Smith','Wilson',7), (823,'Zhenya','Wood','Scott',6), (824,'Noah','Wood','Turner',12), (825,'Michael','Scott','Johnson',6), (826,'Lucas','Scott','Johnson',8), (827,'Liam','Wood','Miller',13), (828,'Daniel','Wood','Johnson',4), (829,'James','Brown','Wilson',5), (830,'Mark','Adams','Brown',17), (831,'Liam','Adams','Jones',13), (832,'Noah','Wilson','Turner',30), (833,'Michael','Wood','Jones',24), (834,'James','Turner','Jones',7), (835,'Liam','Adams','Turner',24), (836,'Noah','Smith','Miller',27), (837,'Abby','Wood','Johnson',20), (838,'Benjamin','Scott','Jones',28), (839,'Ethan','Turner','Miller',7), (840,'James','Adams','Wood',2), (841,'Zhenya','Green','Smith',2), (842,'Oliver','Smith','Brown',4), (843,'Benjamin','Turner','Smith',24), (844,'Oliver','Turner','Brown',4), (845,'Daniel','Smith','Adams',10), (846,'James','Brown','Green',12), (847,'Liam','Wilson','Brown',3), (848,'Oliver','Smith','Johnson',25), (849,'Zhenya','Wood','Turner',23), (850,'Benjamin','Wilson','Smith',1), (851,'James','Wilson','Wood',7), (852,'Noah','Smith','Turner',17), (853,'Abby','Green','Adams',10), (854,'Benjamin','Brown','Brown',27), (855,'Lucas','Adams','Adams',6), (856,'Ethan','Smith','Smith',20), (857,'Mark','Brown','Adams',16), (858,'Noah','Green','Wilson',1), (859,'Oliver','Green','Wilson',11), (860,'James','Wilson','Wilson',10), (861,'Lucas','Green','Miller',22), (862,'Michael','Smith','Adams',20), (863,'Benjamin','Johnson','Turner',7), (864,'Michael','Wilson','Wood',24), (865,'James','Wood','Green',2), (866,'Mark','Turner','Jones',19), (867,'Daniel','Green','Scott',20), (868,'Daniel','Green','Smith',8), (869,'Zhenya','Green','Miller',30), (870,'James','Miller','Green',17), (871,'Benjamin','Miller','Adams',7), (872,'Oliver','Green','Wood',10), (873,'Lucas','Brown','Wilson',21), (874,'Benjamin','Miller','Miller',16), (875,'Ethan','Wood','Smith',9), (876,'Noah','Jones','Green',13), (877,'Oliver','Johnson','Turner',4), (878,'Zhenya','Brown','Adams',28), (879,'Daniel','Adams','Wood',16), (880,'Ethan','Wood','Jones',27), (881,'Lucas','Smith','Smith',12), (882,'Mark','Brown','Johnson',10), (883,'Benjamin','Smith','Miller',27), (884,'Liam','Smith','Jones',27), (885,'Noah','Smith','Adams',20), (886,'Benjamin','Wilson','Turner',9), (887,'Benjamin','Johnson','Green',22), (888,'James','Adams','Turner',15), (889,'Abby','Wood','Brown',22), (890,'Ethan','Jones','Jones',24), (891,'Mark','Adams','Jones',27), (892,'Liam','Wilson','Green',4), (893,'Zhenya','Wood','Scott',13), (894,'Zhenya','Johnson','Turner',25), (895,'Benjamin','Scott','Jones',30), (896,'Zhenya','Johnson','Green',19), (897,'Mark','Green','Smith',16), (898,'Zhenya','Wilson','Johnson',14), (899,'Benjamin','Adams','Brown',17), (900,'Lucas','Wood','Green',24), (901,'Lucas','Smith','Scott',13), (902,'Zhenya','Miller','Green',12), (903,'Benjamin','Turner','Smith',15), (904,'Ethan','Turner','Brown',4), (905,'Noah','Wilson','Green',6), (906,'Mark','Jones','Wood',29), (907,'Oliver','Turner','Wood',4), (908,'Daniel','Turner','Wilson',2), (909,'Daniel','Turner','Brown',17), (910,'Liam','Jones','Brown',7), (911,'Noah','Jones','Brown',23), (912,'Oliver','Turner','Green',2), (913,'Daniel','Brown','Turner',28), (914,'Lucas','Johnson','Adams',19), (915,'Mark','Wood','Brown',1), (916,'Lucas','Scott','Green',8), (917,'Zhenya','Wood','Scott',25), (918,'Michael','Adams','Adams',6), (919,'Lucas','Adams','Wood',11), (920,'Oliver','Wood','Green',13), (921,'James','Johnson','Turner',8), (922,'Benjamin','Wilson','Scott',16), (923,'James','Jones','Green',28), (924,'Zhenya','Turner','Smith',17), (925,'Abby','Turner','Miller',15), (926,'James','Wood','Wood',21), (927,'Noah','Miller','Brown',21), (928,'Liam','Wood','Miller',21), (929,'Benjamin','Green','Wood',15), (930,'Benjamin','Smith','Miller',27), (931,'Liam','Johnson','Green',15), (932,'Abby','Turner','Johnson',25), (933,'Michael','Jones','Turner',29), (934,'James','Brown','Smith',24), (935,'Daniel','Scott','Johnson',26), (936,'Mark','Johnson','Smith',7), (937,'James','Johnson','Miller',4), (938,'Michael','Brown','Smith',2), (939,'Liam','Wood','Wood',13), (940,'Daniel','Brown','Brown',21), (941,'Ethan','Wilson','Wilson',2), (942,'James','Johnson','Jones',4), (943,'Oliver','Miller','Wilson',29), (944,'Mark','Johnson','Turner',1), (945,'Daniel','Wood','Johnson',25), (946,'Ethan','Green','Turner',15), (947,'Michael','Smith','Miller',20), (948,'Lucas','Wood','Wood',18), (949,'Mark','Johnson','Adams',28), (950,'Oliver','Brown','Scott',27), (951,'Michael','Turner','Turner',18), (952,'Zhenya','Jones','Green',14), (953,'Ethan','Brown','Wilson',24), (954,'Zhenya','Green','Wood',24), (955,'Liam','Adams','Scott',30), (956,'Michael','Turner','Wilson',15), (957,'Mark','Brown','Smith',16), (958,'Mark','Johnson','Smith',8), (959,'Zhenya','Smith','Green',10), (960,'Noah','Wilson','Jones',17), (961,'Michael','Wood','Jones',23), (962,'Benjamin','Turner','Green',28), (963,'Liam','Johnson','Wood',25), (964,'Lucas','Smith','Smith',5), (965,'Oliver','Jones','Wilson',25), (966,'Oliver','Johnson','Brown',29), (967,'Lucas','Johnson','Smith',3), (968,'James','Miller','Adams',9), (969,'Oliver','Turner','Smith',8), (970,'Mark','Smith','Adams',14), (971,'Noah','Brown','Turner',13), (972,'Noah','Johnson','Turner',22), (973,'Benjamin','Wilson','Green',3), (974,'Michael','Wood','Miller',25), (975,'James','Johnson','Smith',29), (976,'Zhenya','Adams','Smith',2), (977,'Lucas','Johnson','Turner',7), (978,'Ethan','Adams','Johnson',13), (979,'Ethan','Smith','Smith',15), (980,'Mark','Smith','Turner',9), (981,'Oliver','Wilson','Green',15), (982,'Mark','Green','Adams',25), (983,'Daniel','Brown','Wood',22), (984,'Lucas','Wood','Brown',30), (985,'Oliver','Miller','Wood',30), (986,'James','Miller','Adams',27), (987,'Daniel','Smith','Scott',1), (988,'Mark','Wood','Turner',1), (989,'Michael','Johnson','Miller',24), (990,'Liam','Jones','Adams',27), (991,'James','Brown','Miller',8), (992,'Zhenya','Wilson','Wilson',5), (993,'Noah','Scott','Wilson',27), (994,'Benjamin','Brown','Jones',24), (995,'Michael','Wilson','Smith',28), (996,'Daniel','Turner','Turner',26), (997,'Zhenya','Turner','Adams',19), (998,'Abby','Wood','Wilson',14), (999,'Daniel','Miller','Green',12), (1000,'Benjamin','Jones','Scott',27);
INSERT INTO user_information (id, email, nickname, password) VALUES (1,'email_1@gmail.com','nickname_1','password_1'), (2,'email_2@gmail.com','nickname_2','password_2'), (3,'email_3@gmail.com','nickname_3','password_3'), (4,'email_4@gmail.com','nickname_4','password_4'), (5,'email_5@gmail.com','nickname_5','password_5'), (6,'email_6@gmail.com','nickname_6','password_6'), (7,'email_7@gmail.com','nickname_7','password_7'), (8,'email_8@gmail.com','nickname_8','password_8'), (9,'email_9@gmail.com','nickname_9','password_9'), (10,'email_10@gmail.com','nickname_10','password_10'), (11,'email_11@gmail.com','nickname_11','password_11'), (12,'email_12@gmail.com','nickname_12','password_12'), (13,'email_13@gmail.com','nickname_13','password_13'), (14,'email_14@gmail.com','nickname_14','password_14'), (15,'email_15@gmail.com','nickname_15','password_15'), (16,'email_16@gmail.com','nickname_16','password_16'), (17,'email_17@gmail.com','nickname_17','password_17'), (18,'email_18@gmail.com','nickname_18','password_18'), (19,'email_19@gmail.com','nickname_19','password_19'), (20,'email_20@gmail.com','nickname_20','password_20'), (21,'email_21@gmail.com','nickname_21','password_21'), (22,'email_22@gmail.com','nickname_22','password_22'), (23,'email_23@gmail.com','nickname_23','password_23'), (24,'email_24@gmail.com','nickname_24','password_24'), (25,'email_25@gmail.com','nickname_25','password_25'), (26,'email_26@gmail.com','nickname_26','password_26'), (27,'email_27@gmail.com','nickname_27','password_27'), (28,'email_28@gmail.com','nickname_28','password_28'), (29,'email_29@gmail.com','nickname_29','password_29'), (30,'email_30@gmail.com','nickname_30','password_30'), (31,'email_31@gmail.com','nickname_31','password_31'), (32,'email_32@gmail.com','nickname_32','password_32'), (33,'email_33@gmail.com','nickname_33','password_33'), (34,'email_34@gmail.com','nickname_34','password_34'), (35,'email_35@gmail.com','nickname_35','password_35'), (36,'email_36@gmail.com','nickname_36','password_36'), (37,'email_37@gmail.com','nickname_37','password_37'), (38,'email_38@gmail.com','nickname_38','password_38'), (39,'email_39@gmail.com','nickname_39','password_39'), (40,'email_40@gmail.com','nickname_40','password_40'), (41,'email_41@gmail.com','nickname_41','password_41'), (42,'email_42@gmail.com','nickname_42','password_42'), (43,'email_43@gmail.com','nickname_43','password_43'), (44,'email_44@gmail.com','nickname_44','password_44'), (45,'email_45@gmail.com','nickname_45','password_45'), (46,'email_46@gmail.com','nickname_46','password_46'), (47,'email_47@gmail.com','nickname_47','password_47'), (48,'email_48@gmail.com','nickname_48','password_48'), (49,'email_49@gmail.com','nickname_49','password_49'), (50,'email_50@gmail.com','nickname_50','password_50'), (51,'email_51@gmail.com','nickname_51','password_51'), (52,'email_52@gmail.com','nickname_52','password_52'), (53,'email_53@gmail.com','nickname_53','password_53'), (54,'email_54@gmail.com','nickname_54','password_54'), (55,'email_55@gmail.com','nickname_55','password_55'), (56,'email_56@gmail.com','nickname_56','password_56'), (57,'email_57@gmail.com','nickname_57','password_57'), (58,'email_58@gmail.com','nickname_58','password_58'), (59,'email_59@gmail.com','nickname_59','password_59'), (60,'email_60@gmail.com','nickname_60','password_60'), (61,'email_61@gmail.com','nickname_61','password_61'), (62,'email_62@gmail.com','nickname_62','password_62'), (63,'email_63@gmail.com','nickname_63','password_63'), (64,'email_64@gmail.com','nickname_64','password_64'), (65,'email_65@gmail.com','nickname_65','password_65'), (66,'email_66@gmail.com','nickname_66','password_66'), (67,'email_67@gmail.com','nickname_67','password_67'), (68,'email_68@gmail.com','nickname_68','password_68'), (69,'email_69@gmail.com','nickname_69','password_69'), (70,'email_70@gmail.com','nickname_70','password_70'), (71,'email_71@gmail.com','nickname_71','password_71'), (72,'email_72@gmail.com','nickname_72','password_72'), (73,'email_73@gmail.com','nickname_73','password_73'), (74,'email_74@gmail.com','nickname_74','password_74'), (75,'email_75@gmail.com','nickname_75','password_75'), (76,'email_76@gmail.com','nickname_76','password_76'), (77,'email_77@gmail.com','nickname_77','password_77'), (78,'email_78@gmail.com','nickname_78','password_78'), (79,'email_79@gmail.com','nickname_79','password_79'), (80,'email_80@gmail.com','nickname_80','password_80'), (81,'email_81@gmail.com','nickname_81','password_81'), (82,'email_82@gmail.com','nickname_82','password_82'), (83,'email_83@gmail.com','nickname_83','password_83'), (84,'email_84@gmail.com','nickname_84','password_84'), (85,'email_85@gmail.com','nickname_85','password_85'), (86,'email_86@gmail.com','nickname_86','password_86'), (87,'email_87@gmail.com','nickname_87','password_87'), (88,'email_88@gmail.com','nickname_88','password_88'), (89,'email_89@gmail.com','nickname_89','password_89'), (90,'email_90@gmail.com','nickname_90','password_90'), (91,'email_91@gmail.com','nickname_91','password_91'), (92,'email_92@gmail.com','nickname_92','password_92'), (93,'email_93@gmail.com','nickname_93','password_93'), (94,'email_94@gmail.com','nickname_94','password_94'), (95,'email_95@gmail.com','nickname_95','password_95'), (96,'email_96@gmail.com','nickname_96','password_96'), (97,'email_97@gmail.com','nickname_97','password_97'), (98,'email_98@gmail.com','nickname_98','password_98'), (99,'email_99@gmail.com','nickname_99','password_99'), (100,'email_100@gmail.com','nickname_100','password_100'), (101,'email_101@gmail.com','nickname_101','password_101'), (102,'email_102@gmail.com','nickname_102','password_102'), (103,'email_103@gmail.com','nickname_103','password_103'), (104,'email_104@gmail.com','nickname_104','password_104'), (105,'email_105@gmail.com','nickname_105','password_105'), (106,'email_106@gmail.com','nickname_106','password_106'), (107,'email_107@gmail.com','nickname_107','password_107'), (108,'email_108@gmail.com','nickname_108','password_108'), (109,'email_109@gmail.com','nickname_109','password_109'), (110,'email_110@gmail.com','nickname_110','password_110'), (111,'email_111@gmail.com','nickname_111','password_111'), (112,'email_112@gmail.com','nickname_112','password_112'), (113,'email_113@gmail.com','nickname_113','password_113'), (114,'email_114@gmail.com','nickname_114','password_114'), (115,'email_115@gmail.com','nickname_115','password_115'), (116,'email_116@gmail.com','nickname_116','password_116'), (117,'email_117@gmail.com','nickname_117','password_117'), (118,'email_118@gmail.com','nickname_118','password_118'), (119,'email_119@gmail.com','nickname_119','password_119'), (120,'email_120@gmail.com','nickname_120','password_120'), (121,'email_121@gmail.com','nickname_121','password_121'), (122,'email_122@gmail.com','nickname_122','password_122'), (123,'email_123@gmail.com','nickname_123','password_123'), (124,'email_124@gmail.com','nickname_124','password_124'), (125,'email_125@gmail.com','nickname_125','password_125'), (126,'email_126@gmail.com','nickname_126','password_126'), (127,'email_127@gmail.com','nickname_127','password_127'), (128,'email_128@gmail.com','nickname_128','password_128'), (129,'email_129@gmail.com','nickname_129','password_129'), (130,'email_130@gmail.com','nickname_130','password_130'), (131,'email_131@gmail.com','nickname_131','password_131'), (132,'email_132@gmail.com','nickname_132','password_132'), (133,'email_133@gmail.com','nickname_133','password_133'), (134,'email_134@gmail.com','nickname_134','password_134'), (135,'email_135@gmail.com','nickname_135','password_135'), (136,'email_136@gmail.com','nickname_136','password_136'), (137,'email_137@gmail.com','nickname_137','password_137'), (138,'email_138@gmail.com','nickname_138','password_138'), (139,'email_139@gmail.com','nickname_139','password_139'), (140,'email_140@gmail.com','nickname_140','password_140'), (141,'email_141@gmail.com','nickname_141','password_141'), (142,'email_142@gmail.com','nickname_142','password_142'), (143,'email_143@gmail.com','nickname_143','password_143'), (144,'email_144@gmail.com','nickname_144','password_144'), (145,'email_145@gmail.com','nickname_145','password_145'), (146,'email_146@gmail.com','nickname_146','password_146'), (147,'email_147@gmail.com','nickname_147','password_147'), (148,'email_148@gmail.com','nickname_148','password_148'), (149,'email_149@gmail.com','nickname_149','password_149'), (150,'email_150@gmail.com','nickname_150','password_150'), (151,'email_151@gmail.com','nickname_151','password_151'), (152,'email_152@gmail.com','nickname_152','password_152'), (153,'email_153@gmail.com','nickname_153','password_153'), (154,'email_154@gmail.com','nickname_154','password_154'), (155,'email_155@gmail.com','nickname_155','password_155'), (156,'email_156@gmail.com','nickname_156','password_156'), (157,'email_157@gmail.com','nickname_157','password_157'), (158,'email_158@gmail.com','nickname_158','password_158'), (159,'email_159@gmail.com','nickname_159','password_159'), (160,'email_160@gmail.com','nickname_160','password_160'), (161,'email_161@gmail.com','nickname_161','password_161'), (162,'email_162@gmail.com','nickname_162','password_162'), (163,'email_163@gmail.com','nickname_163','password_163'), (164,'email_164@gmail.com','nickname_164','password_164'), (165,'email_165@gmail.com','nickname_165','password_165'), (166,'email_166@gmail.com','nickname_166','password_166'), (167,'email_167@gmail.com','nickname_167','password_167'), (168,'email_168@gmail.com','nickname_168','password_168'), (169,'email_169@gmail.com','nickname_169','password_169'), (170,'email_170@gmail.com','nickname_170','password_170'), (171,'email_171@gmail.com','nickname_171','password_171'), (172,'email_172@gmail.com','nickname_172','password_172'), (173,'email_173@gmail.com','nickname_173','password_173'), (174,'email_174@gmail.com','nickname_174','password_174'), (175,'email_175@gmail.com','nickname_175','password_175'), (176,'email_176@gmail.com','nickname_176','password_176'), (177,'email_177@gmail.com','nickname_177','password_177'), (178,'email_178@gmail.com','nickname_178','password_178'), (179,'email_179@gmail.com','nickname_179','password_179'), (180,'email_180@gmail.com','nickname_180','password_180'), (181,'email_181@gmail.com','nickname_181','password_181'), (182,'email_182@gmail.com','nickname_182','password_182'), (183,'email_183@gmail.com','nickname_183','password_183'), (184,'email_184@gmail.com','nickname_184','password_184'), (185,'email_185@gmail.com','nickname_185','password_185'), (186,'email_186@gmail.com','nickname_186','password_186'), (187,'email_187@gmail.com','nickname_187','password_187'), (188,'email_188@gmail.com','nickname_188','password_188'), (189,'email_189@gmail.com','nickname_189','password_189'), (190,'email_190@gmail.com','nickname_190','password_190'), (191,'email_191@gmail.com','nickname_191','password_191'), (192,'email_192@gmail.com','nickname_192','password_192'), (193,'email_193@gmail.com','nickname_193','password_193'), (194,'email_194@gmail.com','nickname_194','password_194'), (195,'email_195@gmail.com','nickname_195','password_195'), (196,'email_196@gmail.com','nickname_196','password_196'), (197,'email_197@gmail.com','nickname_197','password_197'), (198,'email_198@gmail.com','nickname_198','password_198'), (199,'email_199@gmail.com','nickname_199','password_199'), (200,'email_200@gmail.com','nickname_200','password_200'), (201,'email_201@gmail.com','nickname_201','password_201'), (202,'email_202@gmail.com','nickname_202','password_202'), (203,'email_203@gmail.com','nickname_203','password_203'), (204,'email_204@gmail.com','nickname_204','password_204'), (205,'email_205@gmail.com','nickname_205','password_205'), (206,'email_206@gmail.com','nickname_206','password_206'), (207,'email_207@gmail.com','nickname_207','password_207'), (208,'email_208@gmail.com','nickname_208','password_208'), (209,'email_209@gmail.com','nickname_209','password_209'), (210,'email_210@gmail.com','nickname_210','password_210'), (211,'email_211@gmail.com','nickname_211','password_211'), (212,'email_212@gmail.com','nickname_212','password_212'), (213,'email_213@gmail.com','nickname_213','password_213'), (214,'email_214@gmail.com','nickname_214','password_214'), (215,'email_215@gmail.com','nickname_215','password_215'), (216,'email_216@gmail.com','nickname_216','password_216'), (217,'email_217@gmail.com','nickname_217','password_217'), (218,'email_218@gmail.com','nickname_218','password_218'), (219,'email_219@gmail.com','nickname_219','password_219'), (220,'email_220@gmail.com','nickname_220','password_220'), (221,'email_221@gmail.com','nickname_221','password_221'), (222,'email_222@gmail.com','nickname_222','password_222'), (223,'email_223@gmail.com','nickname_223','password_223'), (224,'email_224@gmail.com','nickname_224','password_224'), (225,'email_225@gmail.com','nickname_225','password_225'), (226,'email_226@gmail.com','nickname_226','password_226'), (227,'email_227@gmail.com','nickname_227','password_227'), (228,'email_228@gmail.com','nickname_228','password_228'), (229,'email_229@gmail.com','nickname_229','password_229'), (230,'email_230@gmail.com','nickname_230','password_230'), (231,'email_231@gmail.com','nickname_231','password_231'), (232,'email_232@gmail.com','nickname_232','password_232'), (233,'email_233@gmail.com','nickname_233','password_233'), (234,'email_234@gmail.com','nickname_234','password_234'), (235,'email_235@gmail.com','nickname_235','password_235'), (236,'email_236@gmail.com','nickname_236','password_236'), (237,'email_237@gmail.com','nickname_237','password_237'), (238,'email_238@gmail.com','nickname_238','password_238'), (239,'email_239@gmail.com','nickname_239','password_239'), (240,'email_240@gmail.com','nickname_240','password_240'), (241,'email_241@gmail.com','nickname_241','password_241'), (242,'email_242@gmail.com','nickname_242','password_242'), (243,'email_243@gmail.com','nickname_243','password_243'), (244,'email_244@gmail.com','nickname_244','password_244'), (245,'email_245@gmail.com','nickname_245','password_245'), (246,'email_246@gmail.com','nickname_246','password_246'), (247,'email_247@gmail.com','nickname_247','password_247'), (248,'email_248@gmail.com','nickname_248','password_248'), (249,'email_249@gmail.com','nickname_249','password_249'), (250,'email_250@gmail.com','nickname_250','password_250'), (251,'email_251@gmail.com','nickname_251','password_251'), (252,'email_252@gmail.com','nickname_252','password_252'), (253,'email_253@gmail.com','nickname_253','password_253'), (254,'email_254@gmail.com','nickname_254','password_254'), (255,'email_255@gmail.com','nickname_255','password_255'), (256,'email_256@gmail.com','nickname_256','password_256'), (257,'email_257@gmail.com','nickname_257','password_257'), (258,'email_258@gmail.com','nickname_258','password_258'), (259,'email_259@gmail.com','nickname_259','password_259'), (260,'email_260@gmail.com','nickname_260','password_260'), (261,'email_261@gmail.com','nickname_261','password_261'), (262,'email_262@gmail.com','nickname_262','password_262'), (263,'email_263@gmail.com','nickname_263','password_263'), (264,'email_264@gmail.com','nickname_264','password_264'), (265,'email_265@gmail.com','nickname_265','password_265'), (266,'email_266@gmail.com','nickname_266','password_266'), (267,'email_267@gmail.com','nickname_267','password_267'), (268,'email_268@gmail.com','nickname_268','password_268'), (269,'email_269@gmail.com','nickname_269','password_269'), (270,'email_270@gmail.com','nickname_270','password_270'), (271,'email_271@gmail.com','nickname_271','password_271'), (272,'email_272@gmail.com','nickname_272','password_272'), (273,'email_273@gmail.com','nickname_273','password_273'), (274,'email_274@gmail.com','nickname_274','password_274'), (275,'email_275@gmail.com','nickname_275','password_275'), (276,'email_276@gmail.com','nickname_276','password_276'), (277,'email_277@gmail.com','nickname_277','password_277'), (278,'email_278@gmail.com','nickname_278','password_278'), (279,'email_279@gmail.com','nickname_279','password_279'), (280,'email_280@gmail.com','nickname_280','password_280'), (281,'email_281@gmail.com','nickname_281','password_281'), (282,'email_282@gmail.com','nickname_282','password_282'), (283,'email_283@gmail.com','nickname_283','password_283'), (284,'email_284@gmail.com','nickname_284','password_284'), (285,'email_285@gmail.com','nickname_285','password_285'), (286,'email_286@gmail.com','nickname_286','password_286'), (287,'email_287@gmail.com','nickname_287','password_287'), (288,'email_288@gmail.com','nickname_288','password_288'), (289,'email_289@gmail.com','nickname_289','password_289'), (290,'email_290@gmail.com','nickname_290','password_290'), (291,'email_291@gmail.com','nickname_291','password_291'), (292,'email_292@gmail.com','nickname_292','password_292'), (293,'email_293@gmail.com','nickname_293','password_293'), (294,'email_294@gmail.com','nickname_294','password_294'), (295,'email_295@gmail.com','nickname_295','password_295'), (296,'email_296@gmail.com','nickname_296','password_296'), (297,'email_297@gmail.com','nickname_297','password_297'), (298,'email_298@gmail.com','nickname_298','password_298'), (299,'email_299@gmail.com','nickname_299','password_299'), (300,'email_300@gmail.com','nickname_300','password_300'), (301,'email_301@gmail.com','nickname_301','password_301'), (302,'email_302@gmail.com','nickname_302','password_302'), (303,'email_303@gmail.com','nickname_303','password_303'), (304,'email_304@gmail.com','nickname_304','password_304'), (305,'email_305@gmail.com','nickname_305','password_305'), (306,'email_306@gmail.com','nickname_306','password_306'), (307,'email_307@gmail.com','nickname_307','password_307'), (308,'email_308@gmail.com','nickname_308','password_308'), (309,'email_309@gmail.com','nickname_309','password_309'), (310,'email_310@gmail.com','nickname_310','password_310'), (311,'email_311@gmail.com','nickname_311','password_311'), (312,'email_312@gmail.com','nickname_312','password_312'), (313,'email_313@gmail.com','nickname_313','password_313'), (314,'email_314@gmail.com','nickname_314','password_314'), (315,'email_315@gmail.com','nickname_315','password_315'), (316,'email_316@gmail.com','nickname_316','password_316'), (317,'email_317@gmail.com','nickname_317','password_317'), (318,'email_318@gmail.com','nickname_318','password_318'), (319,'email_319@gmail.com','nickname_319','password_319'), (320,'email_320@gmail.com','nickname_320','password_320'), (321,'email_321@gmail.com','nickname_321','password_321'), (322,'email_322@gmail.com','nickname_322','password_322'), (323,'email_323@gmail.com','nickname_323','password_323'), (324,'email_324@gmail.com','nickname_324','password_324'), (325,'email_325@gmail.com','nickname_325','password_325'), (326,'email_326@gmail.com','nickname_326','password_326'), (327,'email_327@gmail.com','nickname_327','password_327'), (328,'email_328@gmail.com','nickname_328','password_328'), (329,'email_329@gmail.com','nickname_329','password_329'), (330,'email_330@gmail.com','nickname_330','password_330'), (331,'email_331@gmail.com','nickname_331','password_331'), (332,'email_332@gmail.com','nickname_332','password_332'), (333,'email_333@gmail.com','nickname_333','password_333'), (334,'email_334@gmail.com','nickname_334','password_334'), (335,'email_335@gmail.com','nickname_335','password_335'), (336,'email_336@gmail.com','nickname_336','password_336'), (337,'email_337@gmail.com','nickname_337','password_337'), (338,'email_338@gmail.com','nickname_338','password_338'), (339,'email_339@gmail.com','nickname_339','password_339'), (340,'email_340@gmail.com','nickname_340','password_340'), (341,'email_341@gmail.com','nickname_341','password_341'), (342,'email_342@gmail.com','nickname_342','password_342'), (343,'email_343@gmail.com','nickname_343','password_343'), (344,'email_344@gmail.com','nickname_344','password_344'), (345,'email_345@gmail.com','nickname_345','password_345'), (346,'email_346@gmail.com','nickname_346','password_346'), (347,'email_347@gmail.com','nickname_347','password_347'), (348,'email_348@gmail.com','nickname_348','password_348'), (349,'email_349@gmail.com','nickname_349','password_349'), (350,'email_350@gmail.com','nickname_350','password_350'), (351,'email_351@gmail.com','nickname_351','password_351'), (352,'email_352@gmail.com','nickname_352','password_352'), (353,'email_353@gmail.com','nickname_353','password_353'), (354,'email_354@gmail.com','nickname_354','password_354'), (355,'email_355@gmail.com','nickname_355','password_355'), (356,'email_356@gmail.com','nickname_356','password_356'), (357,'email_357@gmail.com','nickname_357','password_357'), (358,'email_358@gmail.com','nickname_358','password_358'), (359,'email_359@gmail.com','nickname_359','password_359'), (360,'email_360@gmail.com','nickname_360','password_360'), (361,'email_361@gmail.com','nickname_361','password_361'), (362,'email_362@gmail.com','nickname_362','password_362'), (363,'email_363@gmail.com','nickname_363','password_363'), (364,'email_364@gmail.com','nickname_364','password_364'), (365,'email_365@gmail.com','nickname_365','password_365'), (366,'email_366@gmail.com','nickname_366','password_366'), (367,'email_367@gmail.com','nickname_367','password_367'), (368,'email_368@gmail.com','nickname_368','password_368'), (369,'email_369@gmail.com','nickname_369','password_369'), (370,'email_370@gmail.com','nickname_370','password_370'), (371,'email_371@gmail.com','nickname_371','password_371'), (372,'email_372@gmail.com','nickname_372','password_372'), (373,'email_373@gmail.com','nickname_373','password_373'), (374,'email_374@gmail.com','nickname_374','password_374'), (375,'email_375@gmail.com','nickname_375','password_375'), (376,'email_376@gmail.com','nickname_376','password_376'), (377,'email_377@gmail.com','nickname_377','password_377'), (378,'email_378@gmail.com','nickname_378','password_378'), (379,'email_379@gmail.com','nickname_379','password_379'), (380,'email_380@gmail.com','nickname_380','password_380'), (381,'email_381@gmail.com','nickname_381','password_381'), (382,'email_382@gmail.com','nickname_382','password_382'), (383,'email_383@gmail.com','nickname_383','password_383'), (384,'email_384@gmail.com','nickname_384','password_384'), (385,'email_385@gmail.com','nickname_385','password_385'), (386,'email_386@gmail.com','nickname_386','password_386'), (387,'email_387@gmail.com','nickname_387','password_387'), (388,'email_388@gmail.com','nickname_388','password_388'), (389,'email_389@gmail.com','nickname_389','password_389'), (390,'email_390@gmail.com','nickname_390','password_390'), (391,'email_391@gmail.com','nickname_391','password_391'), (392,'email_392@gmail.com','nickname_392','password_392'), (393,'email_393@gmail.com','nickname_393','password_393'), (394,'email_394@gmail.com','nickname_394','password_394'), (395,'email_395@gmail.com','nickname_395','password_395'), (396,'email_396@gmail.com','nickname_396','password_396'), (397,'email_397@gmail.com','nickname_397','password_397'), (398,'email_398@gmail.com','nickname_398','password_398'), (399,'email_399@gmail.com','nickname_399','password_399'), (400,'email_400@gmail.com','nickname_400','password_400'), (401,'email_401@gmail.com','nickname_401','password_401'), (402,'email_402@gmail.com','nickname_402','password_402'), (403,'email_403@gmail.com','nickname_403','password_403'), (404,'email_404@gmail.com','nickname_404','password_404'), (405,'email_405@gmail.com','nickname_405','password_405'), (406,'email_406@gmail.com','nickname_406','password_406'), (407,'email_407@gmail.com','nickname_407','password_407'), (408,'email_408@gmail.com','nickname_408','password_408'), (409,'email_409@gmail.com','nickname_409','password_409'), (410,'email_410@gmail.com','nickname_410','password_410'), (411,'email_411@gmail.com','nickname_411','password_411'), (412,'email_412@gmail.com','nickname_412','password_412'), (413,'email_413@gmail.com','nickname_413','password_413'), (414,'email_414@gmail.com','nickname_414','password_414'), (415,'email_415@gmail.com','nickname_415','password_415'), (416,'email_416@gmail.com','nickname_416','password_416'), (417,'email_417@gmail.com','nickname_417','password_417'), (418,'email_418@gmail.com','nickname_418','password_418'), (419,'email_419@gmail.com','nickname_419','password_419'), (420,'email_420@gmail.com','nickname_420','password_420'), (421,'email_421@gmail.com','nickname_421','password_421'), (422,'email_422@gmail.com','nickname_422','password_422'), (423,'email_423@gmail.com','nickname_423','password_423'), (424,'email_424@gmail.com','nickname_424','password_424'), (425,'email_425@gmail.com','nickname_425','password_425'), (426,'email_426@gmail.com','nickname_426','password_426'), (427,'email_427@gmail.com','nickname_427','password_427'), (428,'email_428@gmail.com','nickname_428','password_428'), (429,'email_429@gmail.com','nickname_429','password_429'), (430,'email_430@gmail.com','nickname_430','password_430'), (431,'email_431@gmail.com','nickname_431','password_431'), (432,'email_432@gmail.com','nickname_432','password_432'), (433,'email_433@gmail.com','nickname_433','password_433'), (434,'email_434@gmail.com','nickname_434','password_434'), (435,'email_435@gmail.com','nickname_435','password_435'), (436,'email_436@gmail.com','nickname_436','password_436'), (437,'email_437@gmail.com','nickname_437','password_437'), (438,'email_438@gmail.com','nickname_438','password_438'), (439,'email_439@gmail.com','nickname_439','password_439'), (440,'email_440@gmail.com','nickname_440','password_440'), (441,'email_441@gmail.com','nickname_441','password_441'), (442,'email_442@gmail.com','nickname_442','password_442'), (443,'email_443@gmail.com','nickname_443','password_443'), (444,'email_444@gmail.com','nickname_444','password_444'), (445,'email_445@gmail.com','nickname_445','password_445'), (446,'email_446@gmail.com','nickname_446','password_446'), (447,'email_447@gmail.com','nickname_447','password_447'), (448,'email_448@gmail.com','nickname_448','password_448'), (449,'email_449@gmail.com','nickname_449','password_449'),  (450,'email_450@gmail.com','nickname_450','password_450'), (451,'email_451@gmail.com','nickname_451','password_451'), (452,'email_452@gmail.com','nickname_452','password_452'), (453,'email_453@gmail.com','nickname_453','password_453'), (454,'email_454@gmail.com','nickname_454','password_454'), (455,'email_455@gmail.com','nickname_455','password_455'), (456,'email_456@gmail.com','nickname_456','password_456'), (457,'email_457@gmail.com','nickname_457','password_457'), (458,'email_458@gmail.com','nickname_458','password_458'), (459,'email_459@gmail.com','nickname_459','password_459'), (460,'email_460@gmail.com','nickname_460','password_460'), (461,'email_461@gmail.com','nickname_461','password_461'), (462,'email_462@gmail.com','nickname_462','password_462'), (463,'email_463@gmail.com','nickname_463','password_463'), (464,'email_464@gmail.com','nickname_464','password_464'), (465,'email_465@gmail.com','nickname_465','password_465'), (466,'email_466@gmail.com','nickname_466','password_466'), (467,'email_467@gmail.com','nickname_467','password_467'), (468,'email_468@gmail.com','nickname_468','password_468'), (469,'email_469@gmail.com','nickname_469','password_469'), (470,'email_470@gmail.com','nickname_470','password_470'), (471,'email_471@gmail.com','nickname_471','password_471'), (472,'email_472@gmail.com','nickname_472','password_472'), (473,'email_473@gmail.com','nickname_473','password_473'), (474,'email_474@gmail.com','nickname_474','password_474'), (475,'email_475@gmail.com','nickname_475','password_475'), (476,'email_476@gmail.com','nickname_476','password_476'), (477,'email_477@gmail.com','nickname_477','password_477'), (478,'email_478@gmail.com','nickname_478','password_478'), (479,'email_479@gmail.com','nickname_479','password_479'), (480,'email_480@gmail.com','nickname_480','password_480'), (481,'email_481@gmail.com','nickname_481','password_481'), (482,'email_482@gmail.com','nickname_482','password_482'), (483,'email_483@gmail.com','nickname_483','password_483'), (484,'email_484@gmail.com','nickname_484','password_484'), (485,'email_485@gmail.com','nickname_485','password_485'), (486,'email_486@gmail.com','nickname_486','password_486'), (487,'email_487@gmail.com','nickname_487','password_487'), (488,'email_488@gmail.com','nickname_488','password_488'), (489,'email_489@gmail.com','nickname_489','password_489'), (490,'email_490@gmail.com','nickname_490','password_490'), (491,'email_491@gmail.com','nickname_491','password_491'), (492,'email_492@gmail.com','nickname_492','password_492'), (493,'email_493@gmail.com','nickname_493','password_493'), (494,'email_494@gmail.com','nickname_494','password_494'), (495,'email_495@gmail.com','nickname_495','password_495'), (496,'email_496@gmail.com','nickname_496','password_496'), (497,'email_497@gmail.com','nickname_497','password_497'), (498,'email_498@gmail.com','nickname_498','password_498'), (499,'email_499@gmail.com','nickname_499','password_499'), (500,'email_500@gmail.com','nickname_500','password_500'), (501,'email_501@gmail.com','nickname_501','password_501'), (502,'email_502@gmail.com','nickname_502','password_502'), (503,'email_503@gmail.com','nickname_503','password_503'), (504,'email_504@gmail.com','nickname_504','password_504'), (505,'email_505@gmail.com','nickname_505','password_505'), (506,'email_506@gmail.com','nickname_506','password_506'), (507,'email_507@gmail.com','nickname_507','password_507'), (508,'email_508@gmail.com','nickname_508','password_508'), (509,'email_509@gmail.com','nickname_509','password_509'), (510,'email_510@gmail.com','nickname_510','password_510'), (511,'email_511@gmail.com','nickname_511','password_511'), (512,'email_512@gmail.com','nickname_512','password_512'), (513,'email_513@gmail.com','nickname_513','password_513'), (514,'email_514@gmail.com','nickname_514','password_514'), (515,'email_515@gmail.com','nickname_515','password_515'), (516,'email_516@gmail.com','nickname_516','password_516'), (517,'email_517@gmail.com','nickname_517','password_517'), (518,'email_518@gmail.com','nickname_518','password_518'), (519,'email_519@gmail.com','nickname_519','password_519'), (520,'email_520@gmail.com','nickname_520','password_520'), (521,'email_521@gmail.com','nickname_521','password_521'), (522,'email_522@gmail.com','nickname_522','password_522'), (523,'email_523@gmail.com','nickname_523','password_523'), (524,'email_524@gmail.com','nickname_524','password_524'), (525,'email_525@gmail.com','nickname_525','password_525'), (526,'email_526@gmail.com','nickname_526','password_526'), (527,'email_527@gmail.com','nickname_527','password_527'), (528,'email_528@gmail.com','nickname_528','password_528'), (529,'email_529@gmail.com','nickname_529','password_529'), (530,'email_530@gmail.com','nickname_530','password_530'), (531,'email_531@gmail.com','nickname_531','password_531'), (532,'email_532@gmail.com','nickname_532','password_532'), (533,'email_533@gmail.com','nickname_533','password_533'), (534,'email_534@gmail.com','nickname_534','password_534'), (535,'email_535@gmail.com','nickname_535','password_535'), (536,'email_536@gmail.com','nickname_536','password_536'), (537,'email_537@gmail.com','nickname_537','password_537'), (538,'email_538@gmail.com','nickname_538','password_538'), (539,'email_539@gmail.com','nickname_539','password_539'), (540,'email_540@gmail.com','nickname_540','password_540'), (541,'email_541@gmail.com','nickname_541','password_541'), (542,'email_542@gmail.com','nickname_542','password_542'), (543,'email_543@gmail.com','nickname_543','password_543'), (544,'email_544@gmail.com','nickname_544','password_544'), (545,'email_545@gmail.com','nickname_545','password_545'), (546,'email_546@gmail.com','nickname_546','password_546'), (547,'email_547@gmail.com','nickname_547','password_547'), (548,'email_548@gmail.com','nickname_548','password_548'), (549,'email_549@gmail.com','nickname_549','password_549'), (550,'email_550@gmail.com','nickname_550','password_550'), (551,'email_551@gmail.com','nickname_551','password_551'), (552,'email_552@gmail.com','nickname_552','password_552'), (553,'email_553@gmail.com','nickname_553','password_553'), (554,'email_554@gmail.com','nickname_554','password_554'), (555,'email_555@gmail.com','nickname_555','password_555'), (556,'email_556@gmail.com','nickname_556','password_556'), (557,'email_557@gmail.com','nickname_557','password_557'), (558,'email_558@gmail.com','nickname_558','password_558'), (559,'email_559@gmail.com','nickname_559','password_559'), (560,'email_560@gmail.com','nickname_560','password_560'), (561,'email_561@gmail.com','nickname_561','password_561'), (562,'email_562@gmail.com','nickname_562','password_562'), (563,'email_563@gmail.com','nickname_563','password_563'), (564,'email_564@gmail.com','nickname_564','password_564'), (565,'email_565@gmail.com','nickname_565','password_565'), (566,'email_566@gmail.com','nickname_566','password_566'), (567,'email_567@gmail.com','nickname_567','password_567'), (568,'email_568@gmail.com','nickname_568','password_568'), (569,'email_569@gmail.com','nickname_569','password_569'), (570,'email_570@gmail.com','nickname_570','password_570'), (571,'email_571@gmail.com','nickname_571','password_571'), (572,'email_572@gmail.com','nickname_572','password_572'), (573,'email_573@gmail.com','nickname_573','password_573'), (574,'email_574@gmail.com','nickname_574','password_574'), (575,'email_575@gmail.com','nickname_575','password_575'), (576,'email_576@gmail.com','nickname_576','password_576'), (577,'email_577@gmail.com','nickname_577','password_577'), (578,'email_578@gmail.com','nickname_578','password_578'), (579,'email_579@gmail.com','nickname_579','password_579'), (580,'email_580@gmail.com','nickname_580','password_580'), (581,'email_581@gmail.com','nickname_581','password_581'), (582,'email_582@gmail.com','nickname_582','password_582'), (583,'email_583@gmail.com','nickname_583','password_583'), (584,'email_584@gmail.com','nickname_584','password_584'), (585,'email_585@gmail.com','nickname_585','password_585'), (586,'email_586@gmail.com','nickname_586','password_586'), (587,'email_587@gmail.com','nickname_587','password_587'), (588,'email_588@gmail.com','nickname_588','password_588'), (589,'email_589@gmail.com','nickname_589','password_589'), (590,'email_590@gmail.com','nickname_590','password_590'), (591,'email_591@gmail.com','nickname_591','password_591'), (592,'email_592@gmail.com','nickname_592','password_592'), (593,'email_593@gmail.com','nickname_593','password_593'), (594,'email_594@gmail.com','nickname_594','password_594'), (595,'email_595@gmail.com','nickname_595','password_595'), (596,'email_596@gmail.com','nickname_596','password_596'), (597,'email_597@gmail.com','nickname_597','password_597'), (598,'email_598@gmail.com','nickname_598','password_598'), (599,'email_599@gmail.com','nickname_599','password_599'), (600,'email_600@gmail.com','nickname_600','password_600'), (601,'email_601@gmail.com','nickname_601','password_601'), (602,'email_602@gmail.com','nickname_602','password_602'), (603,'email_603@gmail.com','nickname_603','password_603'), (604,'email_604@gmail.com','nickname_604','password_604'), (605,'email_605@gmail.com','nickname_605','password_605'), (606,'email_606@gmail.com','nickname_606','password_606'), (607,'email_607@gmail.com','nickname_607','password_607'), (608,'email_608@gmail.com','nickname_608','password_608'), (609,'email_609@gmail.com','nickname_609','password_609'), (610,'email_610@gmail.com','nickname_610','password_610'), (611,'email_611@gmail.com','nickname_611','password_611'), (612,'email_612@gmail.com','nickname_612','password_612'), (613,'email_613@gmail.com','nickname_613','password_613'), (614,'email_614@gmail.com','nickname_614','password_614'), (615,'email_615@gmail.com','nickname_615','password_615'), (616,'email_616@gmail.com','nickname_616','password_616'), (617,'email_617@gmail.com','nickname_617','password_617'), (618,'email_618@gmail.com','nickname_618','password_618'), (619,'email_619@gmail.com','nickname_619','password_619'), (620,'email_620@gmail.com','nickname_620','password_620'), (621,'email_621@gmail.com','nickname_621','password_621'), (622,'email_622@gmail.com','nickname_622','password_622'), (623,'email_623@gmail.com','nickname_623','password_623'), (624,'email_624@gmail.com','nickname_624','password_624'), (625,'email_625@gmail.com','nickname_625','password_625'), (626,'email_626@gmail.com','nickname_626','password_626'), (627,'email_627@gmail.com','nickname_627','password_627'), (628,'email_628@gmail.com','nickname_628','password_628'), (629,'email_629@gmail.com','nickname_629','password_629'), (630,'email_630@gmail.com','nickname_630','password_630'), (631,'email_631@gmail.com','nickname_631','password_631'), (632,'email_632@gmail.com','nickname_632','password_632'), (633,'email_633@gmail.com','nickname_633','password_633'), (634,'email_634@gmail.com','nickname_634','password_634'), (635,'email_635@gmail.com','nickname_635','password_635'), (636,'email_636@gmail.com','nickname_636','password_636'), (637,'email_637@gmail.com','nickname_637','password_637'), (638,'email_638@gmail.com','nickname_638','password_638'), (639,'email_639@gmail.com','nickname_639','password_639'), (640,'email_640@gmail.com','nickname_640','password_640'), (641,'email_641@gmail.com','nickname_641','password_641'), (642,'email_642@gmail.com','nickname_642','password_642'), (643,'email_643@gmail.com','nickname_643','password_643'), (644,'email_644@gmail.com','nickname_644','password_644'), (645,'email_645@gmail.com','nickname_645','password_645'), (646,'email_646@gmail.com','nickname_646','password_646'), (647,'email_647@gmail.com','nickname_647','password_647'), (648,'email_648@gmail.com','nickname_648','password_648'), (649,'email_649@gmail.com','nickname_649','password_649'), (650,'email_650@gmail.com','nickname_650','password_650'), (651,'email_651@gmail.com','nickname_651','password_651'), (652,'email_652@gmail.com','nickname_652','password_652'), (653,'email_653@gmail.com','nickname_653','password_653'), (654,'email_654@gmail.com','nickname_654','password_654'), (655,'email_655@gmail.com','nickname_655','password_655'), (656,'email_656@gmail.com','nickname_656','password_656'), (657,'email_657@gmail.com','nickname_657','password_657'), (658,'email_658@gmail.com','nickname_658','password_658'), (659,'email_659@gmail.com','nickname_659','password_659'), (660,'email_660@gmail.com','nickname_660','password_660'), (661,'email_661@gmail.com','nickname_661','password_661'), (662,'email_662@gmail.com','nickname_662','password_662'), (663,'email_663@gmail.com','nickname_663','password_663'), (664,'email_664@gmail.com','nickname_664','password_664'), (665,'email_665@gmail.com','nickname_665','password_665'), (666,'email_666@gmail.com','nickname_666','password_666'), (667,'email_667@gmail.com','nickname_667','password_667'), (668,'email_668@gmail.com','nickname_668','password_668'), (669,'email_669@gmail.com','nickname_669','password_669'), (670,'email_670@gmail.com','nickname_670','password_670'), (671,'email_671@gmail.com','nickname_671','password_671'), (672,'email_672@gmail.com','nickname_672','password_672'), (673,'email_673@gmail.com','nickname_673','password_673'), (674,'email_674@gmail.com','nickname_674','password_674'), (675,'email_675@gmail.com','nickname_675','password_675'), (676,'email_676@gmail.com','nickname_676','password_676'), (677,'email_677@gmail.com','nickname_677','password_677'), (678,'email_678@gmail.com','nickname_678','password_678'), (679,'email_679@gmail.com','nickname_679','password_679'), (680,'email_680@gmail.com','nickname_680','password_680'), (681,'email_681@gmail.com','nickname_681','password_681'), (682,'email_682@gmail.com','nickname_682','password_682'), (683,'email_683@gmail.com','nickname_683','password_683'), (684,'email_684@gmail.com','nickname_684','password_684'), (685,'email_685@gmail.com','nickname_685','password_685'), (686,'email_686@gmail.com','nickname_686','password_686'), (687,'email_687@gmail.com','nickname_687','password_687'), (688,'email_688@gmail.com','nickname_688','password_688'), (689,'email_689@gmail.com','nickname_689','password_689'), (690,'email_690@gmail.com','nickname_690','password_690'), (691,'email_691@gmail.com','nickname_691','password_691'), (692,'email_692@gmail.com','nickname_692','password_692'), (693,'email_693@gmail.com','nickname_693','password_693'), (694,'email_694@gmail.com','nickname_694','password_694'), (695,'email_695@gmail.com','nickname_695','password_695'), (696,'email_696@gmail.com','nickname_696','password_696'), (697,'email_697@gmail.com','nickname_697','password_697'), (698,'email_698@gmail.com','nickname_698','password_698'), (699,'email_699@gmail.com','nickname_699','password_699'), (700,'email_700@gmail.com','nickname_700','password_700'), (701,'email_701@gmail.com','nickname_701','password_701'), (702,'email_702@gmail.com','nickname_702','password_702'), (703,'email_703@gmail.com','nickname_703','password_703'), (704,'email_704@gmail.com','nickname_704','password_704'), (705,'email_705@gmail.com','nickname_705','password_705'), (706,'email_706@gmail.com','nickname_706','password_706'), (707,'email_707@gmail.com','nickname_707','password_707'), (708,'email_708@gmail.com','nickname_708','password_708'), (709,'email_709@gmail.com','nickname_709','password_709'), (710,'email_710@gmail.com','nickname_710','password_710'), (711,'email_711@gmail.com','nickname_711','password_711'), (712,'email_712@gmail.com','nickname_712','password_712'), (713,'email_713@gmail.com','nickname_713','password_713'), (714,'email_714@gmail.com','nickname_714','password_714'), (715,'email_715@gmail.com','nickname_715','password_715'), (716,'email_716@gmail.com','nickname_716','password_716'), (717,'email_717@gmail.com','nickname_717','password_717'), (718,'email_718@gmail.com','nickname_718','password_718'), (719,'email_719@gmail.com','nickname_719','password_719'), (720,'email_720@gmail.com','nickname_720','password_720'), (721,'email_721@gmail.com','nickname_721','password_721'), (722,'email_722@gmail.com','nickname_722','password_722'), (723,'email_723@gmail.com','nickname_723','password_723'), (724,'email_724@gmail.com','nickname_724','password_724'), (725,'email_725@gmail.com','nickname_725','password_725'), (726,'email_726@gmail.com','nickname_726','password_726'), (727,'email_727@gmail.com','nickname_727','password_727'), (728,'email_728@gmail.com','nickname_728','password_728'), (729,'email_729@gmail.com','nickname_729','password_729'), (730,'email_730@gmail.com','nickname_730','password_730'), (731,'email_731@gmail.com','nickname_731','password_731'), (732,'email_732@gmail.com','nickname_732','password_732'), (733,'email_733@gmail.com','nickname_733','password_733'), (734,'email_734@gmail.com','nickname_734','password_734'), (735,'email_735@gmail.com','nickname_735','password_735'), (736,'email_736@gmail.com','nickname_736','password_736'), (737,'email_737@gmail.com','nickname_737','password_737'), (738,'email_738@gmail.com','nickname_738','password_738'), (739,'email_739@gmail.com','nickname_739','password_739'), (740,'email_740@gmail.com','nickname_740','password_740'), (741,'email_741@gmail.com','nickname_741','password_741'), (742,'email_742@gmail.com','nickname_742','password_742'), (743,'email_743@gmail.com','nickname_743','password_743'), (744,'email_744@gmail.com','nickname_744','password_744'), (745,'email_745@gmail.com','nickname_745','password_745'), (746,'email_746@gmail.com','nickname_746','password_746'), (747,'email_747@gmail.com','nickname_747','password_747'), (748,'email_748@gmail.com','nickname_748','password_748'), (749,'email_749@gmail.com','nickname_749','password_749'), (750,'email_750@gmail.com','nickname_750','password_750'), (751,'email_751@gmail.com','nickname_751','password_751'), (752,'email_752@gmail.com','nickname_752','password_752'), (753,'email_753@gmail.com','nickname_753','password_753'), (754,'email_754@gmail.com','nickname_754','password_754'), (755,'email_755@gmail.com','nickname_755','password_755'), (756,'email_756@gmail.com','nickname_756','password_756'), (757,'email_757@gmail.com','nickname_757','password_757'), (758,'email_758@gmail.com','nickname_758','password_758'), (759,'email_759@gmail.com','nickname_759','password_759'), (760,'email_760@gmail.com','nickname_760','password_760'), (761,'email_761@gmail.com','nickname_761','password_761'), (762,'email_762@gmail.com','nickname_762','password_762'), (763,'email_763@gmail.com','nickname_763','password_763'), (764,'email_764@gmail.com','nickname_764','password_764'), (765,'email_765@gmail.com','nickname_765','password_765'), (766,'email_766@gmail.com','nickname_766','password_766'), (767,'email_767@gmail.com','nickname_767','password_767'), (768,'email_768@gmail.com','nickname_768','password_768'), (769,'email_769@gmail.com','nickname_769','password_769'), (770,'email_770@gmail.com','nickname_770','password_770'), (771,'email_771@gmail.com','nickname_771','password_771'), (772,'email_772@gmail.com','nickname_772','password_772'), (773,'email_773@gmail.com','nickname_773','password_773'), (774,'email_774@gmail.com','nickname_774','password_774'), (775,'email_775@gmail.com','nickname_775','password_775'), (776,'email_776@gmail.com','nickname_776','password_776'), (777,'email_777@gmail.com','nickname_777','password_777'), (778,'email_778@gmail.com','nickname_778','password_778'), (779,'email_779@gmail.com','nickname_779','password_779'), (780,'email_780@gmail.com','nickname_780','password_780'), (781,'email_781@gmail.com','nickname_781','password_781'), (782,'email_782@gmail.com','nickname_782','password_782'), (783,'email_783@gmail.com','nickname_783','password_783'), (784,'email_784@gmail.com','nickname_784','password_784'), (785,'email_785@gmail.com','nickname_785','password_785'), (786,'email_786@gmail.com','nickname_786','password_786'), (787,'email_787@gmail.com','nickname_787','password_787'), (788,'email_788@gmail.com','nickname_788','password_788'), (789,'email_789@gmail.com','nickname_789','password_789'), (790,'email_790@gmail.com','nickname_790','password_790'), (791,'email_791@gmail.com','nickname_791','password_791'), (792,'email_792@gmail.com','nickname_792','password_792'), (793,'email_793@gmail.com','nickname_793','password_793'), (794,'email_794@gmail.com','nickname_794','password_794'), (795,'email_795@gmail.com','nickname_795','password_795'), (796,'email_796@gmail.com','nickname_796','password_796'), (797,'email_797@gmail.com','nickname_797','password_797'), (798,'email_798@gmail.com','nickname_798','password_798'), (799,'email_799@gmail.com','nickname_799','password_799'), (800,'email_800@gmail.com','nickname_800','password_800'), (801,'email_801@gmail.com','nickname_801','password_801'), (802,'email_802@gmail.com','nickname_802','password_802'), (803,'email_803@gmail.com','nickname_803','password_803'), (804,'email_804@gmail.com','nickname_804','password_804'), (805,'email_805@gmail.com','nickname_805','password_805'), (806,'email_806@gmail.com','nickname_806','password_806'), (807,'email_807@gmail.com','nickname_807','password_807'), (808,'email_808@gmail.com','nickname_808','password_808'), (809,'email_809@gmail.com','nickname_809','password_809'), (810,'email_810@gmail.com','nickname_810','password_810'), (811,'email_811@gmail.com','nickname_811','password_811'), (812,'email_812@gmail.com','nickname_812','password_812'), (813,'email_813@gmail.com','nickname_813','password_813'), (814,'email_814@gmail.com','nickname_814','password_814'), (815,'email_815@gmail.com','nickname_815','password_815'), (816,'email_816@gmail.com','nickname_816','password_816'), (817,'email_817@gmail.com','nickname_817','password_817'), (818,'email_818@gmail.com','nickname_818','password_818'), (819,'email_819@gmail.com','nickname_819','password_819'), (820,'email_820@gmail.com','nickname_820','password_820'), (821,'email_821@gmail.com','nickname_821','password_821'), (822,'email_822@gmail.com','nickname_822','password_822'), (823,'email_823@gmail.com','nickname_823','password_823'), (824,'email_824@gmail.com','nickname_824','password_824'), (825,'email_825@gmail.com','nickname_825','password_825'), (826,'email_826@gmail.com','nickname_826','password_826'), (827,'email_827@gmail.com','nickname_827','password_827'), (828,'email_828@gmail.com','nickname_828','password_828'), (829,'email_829@gmail.com','nickname_829','password_829'), (830,'email_830@gmail.com','nickname_830','password_830'), (831,'email_831@gmail.com','nickname_831','password_831'), (832,'email_832@gmail.com','nickname_832','password_832'), (833,'email_833@gmail.com','nickname_833','password_833'), (834,'email_834@gmail.com','nickname_834','password_834'), (835,'email_835@gmail.com','nickname_835','password_835'), (836,'email_836@gmail.com','nickname_836','password_836'), (837,'email_837@gmail.com','nickname_837','password_837'), (838,'email_838@gmail.com','nickname_838','password_838'), (839,'email_839@gmail.com','nickname_839','password_839'), (840,'email_840@gmail.com','nickname_840','password_840'), (841,'email_841@gmail.com','nickname_841','password_841'), (842,'email_842@gmail.com','nickname_842','password_842'), (843,'email_843@gmail.com','nickname_843','password_843'), (844,'email_844@gmail.com','nickname_844','password_844'), (845,'email_845@gmail.com','nickname_845','password_845'), (846,'email_846@gmail.com','nickname_846','password_846'), (847,'email_847@gmail.com','nickname_847','password_847'), (848,'email_848@gmail.com','nickname_848','password_848'), (849,'email_849@gmail.com','nickname_849','password_849'), (850,'email_850@gmail.com','nickname_850','password_850'), (851,'email_851@gmail.com','nickname_851','password_851'), (852,'email_852@gmail.com','nickname_852','password_852'), (853,'email_853@gmail.com','nickname_853','password_853'), (854,'email_854@gmail.com','nickname_854','password_854'), (855,'email_855@gmail.com','nickname_855','password_855'), (856,'email_856@gmail.com','nickname_856','password_856'), (857,'email_857@gmail.com','nickname_857','password_857'), (858,'email_858@gmail.com','nickname_858','password_858'), (859,'email_859@gmail.com','nickname_859','password_859'), (860,'email_860@gmail.com','nickname_860','password_860'), (861,'email_861@gmail.com','nickname_861','password_861'), (862,'email_862@gmail.com','nickname_862','password_862'), (863,'email_863@gmail.com','nickname_863','password_863'), (864,'email_864@gmail.com','nickname_864','password_864'), (865,'email_865@gmail.com','nickname_865','password_865'), (866,'email_866@gmail.com','nickname_866','password_866'), (867,'email_867@gmail.com','nickname_867','password_867'), (868,'email_868@gmail.com','nickname_868','password_868'), (869,'email_869@gmail.com','nickname_869','password_869'), (870,'email_870@gmail.com','nickname_870','password_870'), (871,'email_871@gmail.com','nickname_871','password_871'), (872,'email_872@gmail.com','nickname_872','password_872'), (873,'email_873@gmail.com','nickname_873','password_873'), (874,'email_874@gmail.com','nickname_874','password_874'), (875,'email_875@gmail.com','nickname_875','password_875'), (876,'email_876@gmail.com','nickname_876','password_876'), (877,'email_877@gmail.com','nickname_877','password_877'), (878,'email_878@gmail.com','nickname_878','password_878'), (879,'email_879@gmail.com','nickname_879','password_879'), (880,'email_880@gmail.com','nickname_880','password_880'), (881,'email_881@gmail.com','nickname_881','password_881'), (882,'email_882@gmail.com','nickname_882','password_882'), (883,'email_883@gmail.com','nickname_883','password_883'), (884,'email_884@gmail.com','nickname_884','password_884'), (885,'email_885@gmail.com','nickname_885','password_885'), (886,'email_886@gmail.com','nickname_886','password_886'), (887,'email_887@gmail.com','nickname_887','password_887'), (888,'email_888@gmail.com','nickname_888','password_888'), (889,'email_889@gmail.com','nickname_889','password_889'), (890,'email_890@gmail.com','nickname_890','password_890'), (891,'email_891@gmail.com','nickname_891','password_891'), (892,'email_892@gmail.com','nickname_892','password_892'), (893,'email_893@gmail.com','nickname_893','password_893'), (894,'email_894@gmail.com','nickname_894','password_894'), (895,'email_895@gmail.com','nickname_895','password_895'), (896,'email_896@gmail.com','nickname_896','password_896'), (897,'email_897@gmail.com','nickname_897','password_897'), (898,'email_898@gmail.com','nickname_898','password_898'), (899,'email_899@gmail.com','nickname_899','password_899'), (900,'email_900@gmail.com','nickname_900','password_900'), (901,'email_901@gmail.com','nickname_901','password_901'), (902,'email_902@gmail.com','nickname_902','password_902'), (903,'email_903@gmail.com','nickname_903','password_903'), (904,'email_904@gmail.com','nickname_904','password_904'), (905,'email_905@gmail.com','nickname_905','password_905'), (906,'email_906@gmail.com','nickname_906','password_906'), (907,'email_907@gmail.com','nickname_907','password_907'), (908,'email_908@gmail.com','nickname_908','password_908'), (909,'email_909@gmail.com','nickname_909','password_909'), (910,'email_910@gmail.com','nickname_910','password_910'), (911,'email_911@gmail.com','nickname_911','password_911'), (912,'email_912@gmail.com','nickname_912','password_912'), (913,'email_913@gmail.com','nickname_913','password_913'), (914,'email_914@gmail.com','nickname_914','password_914'), (915,'email_915@gmail.com','nickname_915','password_915'), (916,'email_916@gmail.com','nickname_916','password_916'), (917,'email_917@gmail.com','nickname_917','password_917'), (918,'email_918@gmail.com','nickname_918','password_918'), (919,'email_919@gmail.com','nickname_919','password_919'), (920,'email_920@gmail.com','nickname_920','password_920'), (921,'email_921@gmail.com','nickname_921','password_921'), (922,'email_922@gmail.com','nickname_922','password_922'), (923,'email_923@gmail.com','nickname_923','password_923'), (924,'email_924@gmail.com','nickname_924','password_924'), (925,'email_925@gmail.com','nickname_925','password_925'), (926,'email_926@gmail.com','nickname_926','password_926'), (927,'email_927@gmail.com','nickname_927','password_927'), (928,'email_928@gmail.com','nickname_928','password_928'), (929,'email_929@gmail.com','nickname_929','password_929'), (930,'email_930@gmail.com','nickname_930','password_930'), (931,'email_931@gmail.com','nickname_931','password_931'), (932,'email_932@gmail.com','nickname_932','password_932'), (933,'email_933@gmail.com','nickname_933','password_933'), (934,'email_934@gmail.com','nickname_934','password_934'), (935,'email_935@gmail.com','nickname_935','password_935'), (936,'email_936@gmail.com','nickname_936','password_936'), (937,'email_937@gmail.com','nickname_937','password_937'), (938,'email_938@gmail.com','nickname_938','password_938'), (939,'email_939@gmail.com','nickname_939','password_939'), (940,'email_940@gmail.com','nickname_940','password_940'), (941,'email_941@gmail.com','nickname_941','password_941'), (942,'email_942@gmail.com','nickname_942','password_942'), (943,'email_943@gmail.com','nickname_943','password_943'), (944,'email_944@gmail.com','nickname_944','password_944'), (945,'email_945@gmail.com','nickname_945','password_945'), (946,'email_946@gmail.com','nickname_946','password_946'), (947,'email_947@gmail.com','nickname_947','password_947'), (948,'email_948@gmail.com','nickname_948','password_948'), (949,'email_949@gmail.com','nickname_949','password_949'), (950,'email_950@gmail.com','nickname_950','password_950'), (951,'email_951@gmail.com','nickname_951','password_951'), (952,'email_952@gmail.com','nickname_952','password_952'), (953,'email_953@gmail.com','nickname_953','password_953'), (954,'email_954@gmail.com','nickname_954','password_954'), (955,'email_955@gmail.com','nickname_955','password_955'), (956,'email_956@gmail.com','nickname_956','password_956'), (957,'email_957@gmail.com','nickname_957','password_957'), (958,'email_958@gmail.com','nickname_958','password_958'), (959,'email_959@gmail.com','nickname_959','password_959'), (960,'email_960@gmail.com','nickname_960','password_960'), (961,'email_961@gmail.com','nickname_961','password_961'), (962,'email_962@gmail.com','nickname_962','password_962'), (963,'email_963@gmail.com','nickname_963','password_963'), (964,'email_964@gmail.com','nickname_964','password_964'), (965,'email_965@gmail.com','nickname_965','password_965'), (966,'email_966@gmail.com','nickname_966','password_966'), (967,'email_967@gmail.com','nickname_967','password_967'), (968,'email_968@gmail.com','nickname_968','password_968'), (969,'email_969@gmail.com','nickname_969','password_969'), (970,'email_970@gmail.com','nickname_970','password_970'), (971,'email_971@gmail.com','nickname_971','password_971'), (972,'email_972@gmail.com','nickname_972','password_972'), (973,'email_973@gmail.com','nickname_973','password_973'), (974,'email_974@gmail.com','nickname_974','password_974'), (975,'email_975@gmail.com','nickname_975','password_975'), (976,'email_976@gmail.com','nickname_976','password_976'), (977,'email_977@gmail.com','nickname_977','password_977'), (978,'email_978@gmail.com','nickname_978','password_978'), (979,'email_979@gmail.com','nickname_979','password_979'), (980,'email_980@gmail.com','nickname_980','password_980'), (981,'email_981@gmail.com','nickname_981','password_981'), (982,'email_982@gmail.com','nickname_982','password_982'), (983,'email_983@gmail.com','nickname_983','password_983'), (984,'email_984@gmail.com','nickname_984','password_984'), (985,'email_985@gmail.com','nickname_985','password_985'), (986,'email_986@gmail.com','nickname_986','password_986'), (987,'email_987@gmail.com','nickname_987','password_987'), (988,'email_988@gmail.com','nickname_988','password_988'), (989,'email_989@gmail.com','nickname_989','password_989'), (990,'email_990@gmail.com','nickname_990','password_990'), (991,'email_991@gmail.com','nickname_991','password_991'), (992,'email_992@gmail.com','nickname_992','password_992'), (993,'email_993@gmail.com','nickname_993','password_993'), (994,'email_994@gmail.com','nickname_994','password_994'), (995,'email_995@gmail.com','nickname_995','password_995'), (996,'email_996@gmail.com','nickname_996','password_996'), (997,'email_997@gmail.com','nickname_997','password_997'), (998,'email_998@gmail.com','nickname_998','password_998'), (999,'email_999@gmail.com','nickname_999','password_999'), (1000,'email_1000@gmail.com','nickname_1000','password_1000');
INSERT INTO users_subjects (users_id, subjects_id, mark) VALUES (1,1, 44), (1,7, 11), (1,3,45), (2,1, 40), (2,3, 69), (2,7,45), (3,1, 95), (3,4, 81), (3,7,85), (4,1, 76), (4,5, 53), (4,4,13), (5,1, 17), (5,3, 63), (5,6,92), (6,1, 12), (6,5, 99), (6,7,10), (7,1, 66), (7,5, 54), (7,3,12), (8,1, 53), (8,3, 89), (8,7,31), (9,1, 23), (9,4, 26), (9,5,74), (10,1, 51), (10,4, 48), (10,6,83), (11,1, 23), (11,5, 29), (11,4,39), (12,1, 20), (12,6, 49), (12,2,53), (13,1, 70), (13,6, 46), (13,3,48), (14,1, 79), (14,6, 65), (14,3,23), (15,1, 88), (15,6, 65), (15,7,11), (16,1, 71), (16,3, 18), (16,7,71), (17,1, 100), (17,5, 48), (17,2,89), (18,1, 24), (18,5, 17), (18,6,33), (19,1, 57), (19,6, 46), (19,2,48), (20,1, 29), (20,3, 84), (20,2,58), (21,1, 38), (21,7, 70), (21,6,44), (22,1, 29), (22,3, 33), (22,6,83), (23,1, 73), (23,4, 16), (23,3,53), (24,1, 62), (24,6, 98), (24,2,17), (25,1, 98), (25,5, 30), (25,2,27), (26,1, 18), (26,7, 83), (26,2,17), (27,1, 43), (27,7, 60), (27,2,78), (28,1, 16), (28,4, 45), (28,7,75), (29,1, 70), (29,5, 62), (29,6,17), (30,1, 25), (30,5, 78), (30,3,30), (31,1, 59), (31,7, 27), (31,3,54), (32,1, 32), (32,6, 41), (32,7,73), (33,1, 95), (33,5, 99), (33,2,60), (34,1, 66), (34,7, 20), (34,6,52), (35,1, 19), (35,7, 22), (35,5,50), (36,1, 19), (36,4, 89), (36,6,65), (37,1, 92), (37,3, 16), (37,4,58), (38,1, 39), (38,5, 42), (38,4,65), (39,1, 25), (39,3, 69), (39,2,31), (40,1, 53), (40,7, 60), (40,4,72), (41,1, 42), (41,7, 28), (41,5,97), (42,1, 93), (42,3, 16), (42,5,26), (43,1, 36), (43,6, 16), (43,2,57), (44,1, 40), (44,6, 79), (44,5,55), (45,1, 49), (45,7, 100), (45,3,79), (46,1, 91), (46,3, 75), (46,5,69), (47,1, 47), (47,6, 41), (47,7,81), (48,1, 43), (48,3, 19), (48,5,83), (49,1, 15), (49,5, 87), (49,2,68), (50,1, 35), (50,7, 17), (50,6,20), (51,1, 46), (51,5, 71), (51,6,81), (52,1, 30), (52,3, 40), (52,6,51), (53,1, 44), (53,6, 73), (53,7,52), (54,1, 76), (54,6, 25), (54,2,83), (55,1, 74), (55,3, 30), (55,4,49), (56,1, 94), (56,6, 64), (56,7,86), (57,1, 96), (57,6, 73), (57,2,58), (58,1, 77), (58,3, 64), (58,4,92), (59,1, 14), (59,7, 70), (59,2,12), (60,1, 70), (60,4, 54), (60,3,85), (61,1, 23), (61,5, 60), (61,4,28), (62,1, 11), (62,3, 17), (62,5,73), (63,1, 92), (63,3, 86), (63,2,51), (64,1, 65), (64,4, 20), (64,7,65), (65,1, 91), (65,6, 59), (65,3,23), (66,1, 12), (66,4, 100), (66,7,61), (67,1, 50), (67,6, 24), (67,3,90), (68,1, 20), (68,3, 63), (68,6,95), (69,1, 33), (69,4, 47), (69,2,25), (70,1, 47), (70,6, 72), (70,3,47), (71,1, 96), (71,5, 91), (71,7,31), (72,1, 29), (72,3, 66), (72,4,41), (73,1, 40), (73,4, 73), (73,3,25), (74,1, 14), (74,5, 19), (74,2,51), (75,1, 30), (75,7, 80), (75,6,67), (76,1, 57), (76,4, 37), (76,5,70), (77,1, 31), (77,4, 81), (77,2,85), (78,1, 65), (78,7, 40), (78,5,15), (79,1, 62), (79,5, 55), (79,4,59), (80,1, 73), (80,4, 64), (80,6,74), (81,1, 55), (81,3, 80), (81,4,77), (82,1, 76), (82,7, 79), (82,4,37), (83,1, 85), (83,5, 96), (83,4,18), (84,1, 42), (84,4, 62), (84,7,40), (85,1, 65), (85,6, 32), (85,5,94), (86,1, 51), (86,6, 89), (86,7,75), (87,1, 26), (87,7, 48), (87,6,90), (88,1, 47), (88,7, 35), (88,3,24), (89,1, 11), (89,5, 64), (89,4,34), (90,1, 89), (90,3, 83), (90,2,46), (91,1, 74), (91,7, 21), (91,6,46), (92,1, 54), (92,5, 92), (92,7,98), (93,1, 57), (93,4, 12), (93,2,90), (94,1, 54), (94,5, 81), (94,6,54), (95,1, 97), (95,4, 14), (95,2,91), (96,1, 14), (96,3, 45), (96,6,15), (97,1, 44), (97,5, 97), (97,2,96), (98,1, 73), (98,3, 87), (98,4,90), (99,1, 22), (99,5, 96), (99,2,80), (100,1, 13), (100,4, 63), (100,2,55), (101,1, 33), (101,4, 81), (101,7,17), (102,1, 17), (102,4, 42), (102,3,97), (103,1, 26), (103,3, 65), (103,6,96), (104,1, 23), (104,7, 60), (104,4,25), (105,1, 29), (105,7, 48), (105,5,66), (106,1, 100), (106,5, 83), (106,7,94), (107,1, 100), (107,3, 98), (107,7,60), (108,1, 88), (108,4, 43), (108,7,30), (109,1, 88), (109,3, 88), (109,2,59), (110,1, 97), (110,4, 50), (110,3,21), (111,1, 39), (111,5, 32), (111,7,97), (112,1, 97), (112,3, 20), (112,2,32), (113,1, 43), (113,4, 29), (113,7,45), (114,1, 12), (114,3, 81), (114,4,56), (115,1, 93), (115,4, 58), (115,5,31), (116,1, 26), (116,4, 87), (116,7,62), (117,1, 13), (117,3, 45), (117,7,18), (118,1, 91), (118,5, 99), (118,4,60), (119,1, 82), (119,7, 76), (119,2,19), (120,1, 37), (120,6, 86), (120,2,12), (121,1, 58), (121,5, 88), (121,7,91), (122,1, 60), (122,3, 69), (122,7,21), (123,1, 95), (123,6, 29), (123,3,25), (124,1, 73), (124,7, 43), (124,6,46), (125,1, 33), (125,4, 82), (125,7,45), (126,1, 11), (126,6, 85), (126,7,35), (127,1, 18), (127,7, 12), (127,4,23), (128,1, 36), (128,3, 57), (128,4,85), (129,1, 100), (129,5, 81), (129,3,85), (130,1, 24), (130,4, 25), (130,5,100), (131,1, 18), (131,7, 11), (131,6,94), (132,1, 69), (132,3, 42), (132,6,52), (133,1, 81), (133,4, 11), (133,5,24), (134,1, 100), (134,6, 73), (134,3,100), (135,1, 86), (135,3, 42), (135,7,96), (136,1, 55), (136,5, 46), (136,2,91), (137,1, 18), (137,4, 90), (137,2,29), (138,1, 49), (138,6, 33), (138,7,62), (139,1, 55), (139,3, 94), (139,5,10), (140,1, 25), (140,6, 89), (140,4,79), (141,1, 80), (141,7, 46), (141,3,66), (142,1, 95), (142,6, 65), (142,3,85), (143,1, 93), (143,7, 48), (143,4,97), (144,1, 58), (144,5, 82), (144,4,50), (145,1, 46), (145,5, 15), (145,7,56), (146,1, 11), (146,4, 18), (146,5,67), (147,1, 32), (147,3, 63), (147,7,24), (148,1, 80), (148,6, 77), (148,5,57), (149,1, 22), (149,5, 95), (149,3,34), (150,1, 76), (150,3, 92), (150,2,71), (151,1, 47), (151,3, 39), (151,4,77), (152,1, 95), (152,3, 34), (152,2,58), (153,1, 54), (153,4, 24), (153,6,81), (154,1, 91), (154,6, 95), (154,5,16), (155,1, 25), (155,7, 100), (155,6,67), (156,1, 84), (156,6, 18), (156,3,49), (157,1, 91), (157,7, 55), (157,3,74), (158,1, 58), (158,6, 68), (158,4,45), (159,1, 15), (159,4, 15), (159,3,55), (160,1, 26), (160,4, 15), (160,6,33), (161,1, 97), (161,4, 98), (161,7,83), (162,1, 69), (162,5, 68), (162,7,52), (163,1, 85), (163,5, 17), (163,6,23), (164,1, 45), (164,7, 70), (164,6,68), (165,1, 23), (165,7, 43), (165,2,38), (166,1, 95), (166,6, 39), (166,7,75), (167,1, 87), (167,4, 93), (167,2,22), (168,1, 47), (168,6, 57), (168,4,88), (169,1, 64), (169,4, 28), (169,2,34), (170,1, 85), (170,6, 66), (170,7,35), (171,1, 85), (171,5, 47), (171,4,12), (172,1, 51), (172,4, 90), (172,7,57), (173,1, 67), (173,4, 47), (173,6,51), (174,1, 43), (174,6, 43), (174,3,31), (175,1, 52), (175,3, 97), (175,7,47), (176,1, 44), (176,7, 25), (176,2,62), (177,1, 71), (177,7, 19), (177,6,10), (178,1, 84), (178,7, 27), (178,5,79), (179,1, 27), (179,6, 64), (179,5,24), (180,1, 32), (180,4, 74), (180,7,17), (181,1, 66), (181,5, 55), (181,2,49), (182,1, 34), (182,7, 96), (182,3,63), (183,1, 38), (183,4, 60), (183,2,13), (184,1, 58), (184,3, 27), (184,7,33), (185,1, 88), (185,5, 90), (185,2,92), (186,1, 57), (186,4, 28), (186,3,75), (187,1, 27), (187,7, 25), (187,5,15), (188,1, 29), (188,7, 22), (188,5,58), (189,1, 75), (189,5, 23), (189,7,75), (190,1, 86), (190,4, 59), (190,6,46), (191,1, 69), (191,7, 53), (191,5,26), (192,1, 10), (192,4, 45), (192,5,21), (193,1, 23), (193,4, 94), (193,3,14), (194,1, 81), (194,3, 92), (194,6,89), (195,1, 27), (195,3, 18), (195,7,69), (196,1, 44), (196,6, 25), (196,7,43), (197,1, 56), (197,7, 67), (197,5,79), (198,1, 83), (198,7, 37), (198,2,79), (199,1, 41), (199,7, 40), (199,6,88), (200,1, 37), (200,6, 94), (200,7,58), (201,1, 66), (201,7, 26), (201,6,16), (202,1, 40), (202,6, 99), (202,5,24), (203,1, 53), (203,3, 62), (203,7,12), (204,1, 93), (204,3, 89), (204,7,33), (205,1, 55), (205,4, 73), (205,5,90), (206,1, 23), (206,6, 48), (206,2,17), (207,1, 100), (207,3, 70), (207,7,60), (208,1, 77), (208,6, 18), (208,7,66), (209,1, 87), (209,7, 30), (209,3,27), (210,1, 57), (210,5, 59), (210,7,34), (211,1, 39), (211,3, 34), (211,6,86), (212,1, 51), (212,7, 92), (212,6,62), (213,1, 69), (213,6, 96), (213,7,81), (214,1, 13), (214,6, 87), (214,7,18), (215,1, 74), (215,6, 20), (215,5,91), (216,1, 48), (216,6, 26), (216,4,23), (217,1, 64), (217,3, 23), (217,2,40), (218,1, 12), (218,7, 38), (218,4,86), (219,1, 10), (219,5, 57), (219,6,58), (220,1, 71), (220,5, 63), (220,3,58), (221,1, 93), (221,5, 98), (221,3,62), (222,1, 87), (222,6, 68), (222,5,56), (223,1, 35), (223,5, 45), (223,6,82), (224,1, 45), (224,6, 16), (224,7,79), (225,1, 55), (225,6, 53), (225,2,29), (226,1, 63), (226,7, 74), (226,6,86), (227,1, 94), (227,6, 35), (227,5,93), (228,1, 54), (228,3, 34), (228,4,44), (229,1, 36), (229,4, 39), (229,5,29), (230,1, 75), (230,3, 90), (230,4,62), (231,1, 77), (231,7, 18), (231,2,65), (232,1, 56), (232,5, 51), (232,4,66), (233,1, 90), (233,6, 55), (233,2,57), (234,1, 57), (234,3, 85), (234,4,62), (235,1, 98), (235,4, 72), (235,5,47), (236,1, 77), (236,5, 96), (236,2,43), (237,1, 74), (237,4, 57), (237,7,62), (238,1, 15), (238,5, 12), (238,7,69), (239,1, 70), (239,4, 35), (239,6,49), (240,1, 29), (240,5, 64), (240,6,49), (241,1, 80), (241,6, 56), (241,2,80), (242,1, 60), (242,6, 10), (242,4,26), (243,1, 52), (243,6, 34), (243,4,58), (244,1, 13), (244,6, 12), (244,3,38), (245,1, 47), (245,3, 29), (245,7,35), (246,1, 53), (246,7, 29), (246,2,18), (247,1, 26), (247,7, 79), (247,4,70), (248,1, 68), (248,7, 13), (248,2,79), (249,1, 80), (249,3, 27), (249,5,31), (250,1, 57), (250,7, 17), (250,2,53), (251,1, 25), (251,7, 67), (251,2,65), (252,1, 16), (252,5, 78), (252,2,36), (253,1, 11), (253,5, 51), (253,7,11), (254,1, 22), (254,6, 46), (254,7,82), (255,1, 94), (255,6, 91), (255,4,89), (256,1, 87), (256,5, 75), (256,6,55), (257,1, 86), (257,6, 72), (257,4,89), (258,1, 34), (258,7, 69), (258,4,90), (259,1, 79), (259,6, 43), (259,2,74), (260,1, 42), (260,6, 31), (260,4,41), (261,1, 33), (261,5, 31), (261,2,13), (262,1, 20), (262,6, 83), (262,7,72), (263,1, 88), (263,6, 94), (263,4,18), (264,1, 74), (264,5, 14), (264,7,97), (265,1, 53), (265,6, 70), (265,4,49), (266,1, 66), (266,4, 38), (266,3,45), (267,1, 29), (267,7, 42), (267,2,39), (268,1, 53), (268,5, 77), (268,4,63), (269,1, 42), (269,3, 54), (269,2,33), (270,1, 54), (270,7, 65), (270,3,20), (271,1, 89), (271,4, 33), (271,2,90), (272,1, 21), (272,5, 19), (272,6,73), (273,1, 88), (273,3, 97), (273,5,20), (274,1, 78), (274,5, 31), (274,3,55), (275,1, 53), (275,5, 59), (275,3,73), (276,1, 95), (276,4, 32), (276,7,28), (277,1, 58), (277,7, 95), (277,2,65), (278,1, 13), (278,4, 77), (278,3,50), (279,1, 96), (279,5, 39), (279,2,10), (280,1, 34), (280,5, 11), (280,4,62), (281,1, 14), (281,4, 49), (281,6,48), (282,1, 32), (282,5, 33), (282,3,86), (283,1, 73), (283,7, 83), (283,4,61), (284,1, 46), (284,6, 57), (284,4,79), (285,1, 79), (285,4, 63), (285,3,89), (286,1, 11), (286,6, 70), (286,5,57), (287,1, 26), (287,3, 88), (287,4,40), (288,1, 70), (288,3, 53), (288,7,28), (289,1, 45), (289,6, 35), (289,2,46), (290,1, 84), (290,4, 46), (290,5,53), (291,1, 88), (291,5, 12), (291,4,54), (292,1, 53), (292,5, 40), (292,3,59), (293,1, 100), (293,5, 55), (293,2,23), (294,1, 34), (294,6, 80), (294,3,89), (295,1, 60), (295,5, 51), (295,2,17), (296,1, 20), (296,4, 41), (296,7,86), (297,1, 20), (297,7, 90), (297,5,36), (298,1, 26), (298,5, 77), (298,6,51), (299,1, 49), (299,6, 50), (299,3,33), (300,1, 70), (300,7, 24), (300,6,56), (301,1, 96), (301,7, 34), (301,4,98), (302,1, 38), (302,3, 65), (302,4,89), (303,1, 50), (303,7, 32), (303,4,12), (304,1, 31), (304,7, 99), (304,2,78), (305,1, 38), (305,4, 91), (305,6,95), (306,1, 92), (306,7, 48), (306,2,92), (307,1, 96), (307,7, 35), (307,5,46), (308,1, 62), (308,4, 30), (308,2,55), (309,1, 71), (309,3, 83), (309,7,69), (310,1, 96), (310,5, 34), (310,3,50), (311,1, 49), (311,6, 21), (311,4,76), (312,1, 37), (312,3, 43), (312,4,75), (313,1, 86), (313,4, 97), (313,7,57), (314,1, 69), (314,7, 17), (314,5,22), (315,1, 18), (315,6, 74), (315,4,26), (316,1, 87), (316,6, 67), (316,2,93), (317,1, 37), (317,4, 93), (317,2,83), (318,1, 94), (318,7, 32), (318,5,88), (319,1, 44), (319,3, 24), (319,4,13), (320,1, 19), (320,6, 14), (320,7,10), (321,1, 19), (321,3, 77), (321,5,76), (322,1, 50), (322,5, 41), (322,6,64), (323,1, 16), (323,6, 81), (323,2,10), (324,1, 52), (324,6, 67), (324,3,71), (325,1, 16), (325,6, 15), (325,2,63), (326,1, 96), (326,3, 97), (326,5,11), (327,1, 28), (327,4, 78), (327,2,93), (328,1, 61), (328,7, 13), (328,5,93), (329,1, 75), (329,3, 85), (329,7,78), (330,1, 70), (330,5, 93), (330,3,79), (331,1, 46), (331,3, 99), (331,4,32), (332,1, 45), (332,6, 36), (332,3,52), (333,1, 64), (333,5, 16), (333,4,72), (334,1, 66), (334,6, 41), (334,2,63), (335,1, 34), (335,5, 59), (335,7,82), (336,1, 38), (336,4, 68), (336,6,72), (337,1, 93), (337,4, 92), (337,5,25), (338,1, 24), (338,3, 61), (338,7,21), (339,1, 19), (339,3, 12), (339,7,50), (340,1, 23), (340,4, 72), (340,7,31), (341,1, 81), (341,4, 38), (341,3,19), (342,1, 11), (342,4, 16), (342,5,56), (343,1, 34), (343,4, 32), (343,6,13), (344,1, 62), (344,4, 36), (344,6,70), (345,1, 36), (345,5, 32), (345,6,81), (346,1, 72), (346,7, 26), (346,5,10), (347,1, 63), (347,5, 24), (347,4,40), (348,1, 89), (348,5, 75), (348,3,53), (349,1, 24), (349,5, 31), (349,4,24), (350,1, 53), (350,3, 86), (350,5,55), (351,1, 24), (351,6, 44), (351,7,87), (352,1, 53), (352,6, 59), (352,5,24), (353,1, 69), (353,5, 52), (353,6,85), (354,1, 64), (354,6, 48), (354,3,42), (355,1, 12), (355,6, 10), (355,3,82), (356,1, 59), (356,7, 30), (356,3,84), (357,1, 30), (357,3, 24), (357,7,79), (358,1, 78), (358,3, 48), (358,5,55), (359,1, 83), (359,4, 78), (359,2,29), (360,1, 96), (360,5, 91), (360,2,52), (361,1, 57), (361,5, 96), (361,7,83), (362,1, 12), (362,5, 61), (362,7,72), (363,1, 88), (363,6, 39), (363,7,18), (364,1, 74), (364,3, 94), (364,4,42), (365,1, 30), (365,3, 50), (365,4,79), (366,1, 30), (366,6, 73), (366,3,98), (367,1, 96), (367,3, 92), (367,4,38), (368,1, 13), (368,6, 82), (368,3,94), (369,1, 66), (369,3, 19), (369,5,72), (370,1, 34), (370,3, 86), (370,4,39), (371,1, 16), (371,3, 20), (371,2,94), (372,1, 96), (372,7, 12), (372,3,13), (373,1, 60), (373,5, 25), (373,4,62), (374,1, 31), (374,4, 98), (374,7,46), (375,1, 50), (375,3, 91), (375,5,71), (376,1, 65), (376,5, 92), (376,7,70), (377,1, 32), (377,5, 72), (377,3,29), (378,1, 25), (378,7, 14), (378,6,69), (379,1, 36), (379,7, 26), (379,3,32), (380,1, 41), (380,4, 80), (380,5,19), (381,1, 27), (381,3, 26), (381,2,97), (382,1, 90), (382,6, 24), (382,7,62), (383,1, 21), (383,7, 85), (383,6,86), (384,1, 70), (384,6, 72), (384,4,23), (385,1, 71), (385,7, 43), (385,2,96), (386,1, 18), (386,5, 65), (386,6,61), (387,1, 69), (387,6, 82), (387,2,77), (388,1, 61), (388,3, 44), (388,5,26), (389,1, 52), (389,3, 74), (389,4,56), (390,1, 38), (390,3, 99), (390,2,51), (391,1, 97), (391,5, 50), (391,4,85), (392,1, 23), (392,7, 64), (392,6,92), (393,1, 23), (393,7, 63), (393,4,45), (394,1, 88), (394,4, 87), (394,7,27), (395,1, 26), (395,4, 46), (395,6,80), (396,1, 76), (396,5, 51), (396,3,18), (397,1, 92), (397,7, 59), (397,6,51), (398,1, 82), (398,5, 17), (398,3,94), (399,1, 18), (399,3, 80), (399,2,80), (400,1, 90), (400,4, 90), (400,7,73), (401,1, 52), (401,3, 80), (401,7,18), (402,1, 67), (402,4, 98), (402,5,14), (403,1, 89), (403,4, 15), (403,2,49), (404,1, 18), (404,7, 13), (404,3,77), (405,1, 33), (405,3, 35), (405,7,62), (406,1, 60), (406,3, 39), (406,2,54), (407,1, 15), (407,7, 84), (407,3,86), (408,1, 93), (408,4, 38), (408,3,99), (409,1, 43), (409,7, 98), (409,2,94), (410,1, 90), (410,7, 83), (410,5,27), (411,1, 58), (411,7, 28), (411,5,41), (412,1, 56), (412,5, 14), (412,6,36), (413,1, 44), (413,7, 18), (413,2,78), (414,1, 74), (414,5, 92), (414,2,81), (415,1, 27), (415,6, 52), (415,3,51), (416,1, 35), (416,5, 72), (416,4,86), (417,1, 48), (417,7, 48), (417,6,50), (418,1, 39), (418,4, 95), (418,3,56), (419,1, 39), (419,3, 22), (419,2,49), (420,1, 14), (420,7, 83), (420,6,47), (421,1, 74), (421,7, 61), (421,2,83), (422,1, 60), (422,6, 61), (422,3,28), (423,1, 61), (423,4, 35), (423,5,69), (424,1, 66), (424,7, 19), (424,5,26), (425,1, 10), (425,4, 44), (425,6,86), (426,1, 95), (426,4, 81), (426,2,75), (427,1, 98), (427,5, 11), (427,2,85), (428,1, 41), (428,5, 68), (428,7,29), (429,1, 10), (429,4, 26), (429,3,98), (430,1, 14), (430,5, 87), (430,2,43), (431,1, 60), (431,6, 50), (431,7,50), (432,1, 75), (432,5, 12), (432,3,86), (433,1, 12), (433,3, 61), (433,6,95), (434,1, 75), (434,6, 87), (434,3,53), (435,1, 11), (435,4, 19), (435,3,62), (436,1, 81), (436,6, 34), (436,7,40), (437,1, 72), (437,7, 67), (437,2,86), (438,1, 89), (438,5, 76), (438,7,81), (439,1, 81), (439,3, 19), (439,6,36), (440,1, 57), (440,3, 88), (440,7,30), (441,1, 82), (441,3, 19), (441,6,37), (442,1, 95), (442,7, 68), (442,6,44), (443,1, 92), (443,4, 75), (443,2,36), (444,1, 93), (444,4, 94), (444,6,14), (445,1, 94), (445,4, 72), (445,3,81), (446,1, 41), (446,4, 79), (446,5,53), (447,1, 78), (447,4, 47), (447,6,39), (448,1, 94), (448,6, 77), (448,5,96), (449,1, 35), (449,7, 27), (449,3,39), (450,1, 58), (450,5, 80), (450,7,70), (451,1, 44), (451,7, 36), (451,4,77), (452,1, 90), (452,7, 74), (452,3,45), (453,1, 26), (453,7, 20), (453,3,50), (454,1, 81), (454,6, 92), (454,5,35), (455,1, 67), (455,5, 55), (455,3,100), (456,1, 24), (456,4, 22), (456,2,15), (457,1, 61), (457,5, 30), (457,6,45), (458,1, 74), (458,3, 16), (458,6,37), (459,1, 81), (459,3, 11), (459,7,74), (460,1, 66), (460,7, 85), (460,4,67), (461,1, 77), (461,7, 41), (461,2,21), (462,1, 66), (462,4, 83), (462,2,74), (463,1, 91), (463,6, 53), (463,7,66), (464,1, 62), (464,3, 35), (464,2,42), (465,1, 34), (465,5, 55), (465,3,42), (466,1, 89), (466,4, 51), (466,3,54), (467,1, 24), (467,7, 54), (467,2,91), (468,1, 59), (468,6, 74), (468,4,22), (469,1, 16), (469,4, 53), (469,2,28), (470,1, 71), (470,3, 47), (470,7,74), (471,1, 67), (471,5, 59), (471,2,28), (472,1, 49), (472,5, 35), (472,4,38), (473,1, 87), (473,3, 95), (473,2,54), (474,1, 36), (474,3, 70), (474,2,86), (475,1, 73), (475,7, 97), (475,6,21), (476,1, 31), (476,7, 61), (476,6,28), (477,1, 13), (477,3, 25), (477,5,44), (478,1, 88), (478,7, 41), (478,2,48), (479,1, 36), (479,4, 43), (479,6,48), (480,1, 59), (480,7, 86), (480,3,22), (481,1, 26), (481,7, 21), (481,4,100), (482,1, 20), (482,5, 42), (482,4,77), (483,1, 16), (483,7, 18), (483,3,13), (484,1, 20), (484,3, 98), (484,2,75), (485,1, 100), (485,5, 36), (485,4,42), (486,1, 22), (486,7, 74), (486,2,81), (487,1, 47), (487,7, 43), (487,5,77), (488,1, 44), (488,5, 21), (488,6,78), (489,1, 91), (489,5, 58), (489,2,62), (490,1, 20), (490,5, 10), (490,4,40), (491,1, 90), (491,3, 59), (491,5,93), (492,1, 23), (492,6, 11), (492,4,48), (493,1, 57), (493,4, 70), (493,6,25), (494,1, 12), (494,3, 63), (494,6,67), (495,1, 17), (495,5, 53), (495,6,38), (496,1, 25), (496,5, 45), (496,4,65), (497,1, 92), (497,5, 31), (497,4,61), (498,1, 35), (498,4, 47), (498,3,83), (499,1, 55), (499,5, 64), (499,3,50), (500,1, 66), (500,6, 45), (500,2,35), (501,1, 52), (501,5, 97), (501,4,77), (502,1, 86), (502,3, 90), (502,7,35), (503,1, 56), (503,3, 36), (503,7,24), (504,1, 24), (504,7, 28), (504,4,79), (505,1, 12), (505,5, 87), (505,3,46), (506,1, 21), (506,4, 88), (506,3,23), (507,1, 79), (507,6, 10), (507,5,67), (508,1, 34), (508,4, 49), (508,6,18), (509,1, 11), (509,3, 98), (509,7,75), (510,1, 51), (510,6, 87), (510,5,32), (511,1, 64), (511,4, 40), (511,5,98), (512,1, 35), (512,3, 17), (512,6,24), (513,1, 10), (513,4, 20), (513,6,60), (514,1, 23), (514,4, 32), (514,6,32), (515,1, 100), (515,7, 40), (515,6,75), (516,1, 87), (516,7, 15), (516,2,19), (517,1, 59), (517,7, 30), (517,5,57), (518,1, 97), (518,5, 29), (518,2,44), (519,1, 64), (519,4, 55), (519,5,80), (520,1, 95), (520,7, 23), (520,2,29), (521,1, 95), (521,7, 84), (521,2,41), (522,1, 98), (522,3, 79), (522,2,75), (523,1, 91), (523,6, 71), (523,5,100), (524,1, 76), (524,5, 48), (524,4,32), (525,1, 26), (525,4, 53), (525,7,85), (526,1, 28), (526,5, 94), (526,2,28), (527,1, 82), (527,5, 17), (527,4,39), (528,1, 48), (528,7, 30), (528,2,14), (529,1, 37), (529,6, 54), (529,5,26), (530,1, 43), (530,6, 88), (530,7,93), (531,1, 50), (531,6, 85), (531,2,21), (532,1, 97), (532,7, 19), (532,3,90), (533,1, 50), (533,7, 46), (533,3,36), (534,1, 99), (534,7, 61), (534,5,70), (535,1, 23), (535,3, 54), (535,7,53), (536,1, 10), (536,7, 52), (536,6,93), (537,1, 95), (537,5, 48), (537,7,55), (538,1, 10), (538,7, 52), (538,5,19), (539,1, 92), (539,5, 82), (539,7,61), (540,1, 52), (540,3, 35), (540,2,20), (541,1, 44), (541,6, 47), (541,2,21), (542,1, 96), (542,5, 96), (542,4,17), (543,1, 51), (543,3, 73), (543,6,58), (544,1, 93), (544,6, 79), (544,3,51), (545,1, 28), (545,7, 31), (545,6,86), (546,1, 92), (546,4, 78), (546,7,40), (547,1, 90), (547,4, 35), (547,6,44), (548,1, 17), (548,6, 96), (548,3,48), (549,1, 21), (549,4, 27), (549,6,83), (550,1, 50), (550,3, 56), (550,2,44), (551,1, 27), (551,3, 97), (551,7,82), (552,1, 85), (552,7, 15), (552,6,90), (553,1, 32), (553,6, 59), (553,5,13), (554,1, 26), (554,7, 98), (554,2,97), (555,1, 93), (555,7, 97), (555,3,43), (556,1, 84), (556,7, 53), (556,2,83), (557,1, 37), (557,6, 87), (557,5,30), (558,1, 11), (558,7, 19), (558,6,94), (559,1, 30), (559,5, 92), (559,6,55), (560,1, 32), (560,5, 32), (560,2,32), (561,1, 93), (561,4, 27), (561,3,76), (562,1, 45), (562,5, 80), (562,3,30), (563,1, 50), (563,6, 56), (563,5,88), (564,1, 12), (564,5, 40), (564,3,70), (565,1, 84), (565,7, 28), (565,2,71), (566,1, 32), (566,5, 47), (566,2,21), (567,1, 37), (567,7, 45), (567,5,29), (568,1, 90), (568,3, 46), (568,7,90), (569,1, 79), (569,3, 26), (569,5,87), (570,1, 83), (570,5, 26), (570,7,67), (571,1, 81), (571,5, 42), (571,7,98), (572,1, 21), (572,3, 30), (572,4,30), (573,1, 35), (573,6, 90), (573,5,27), (574,1, 43), (574,3, 35), (574,7,75), (575,1, 41), (575,3, 28), (575,6,46), (576,1, 94), (576,6, 82), (576,2,77), (577,1, 34), (577,6, 89), (577,2,81), (578,1, 25), (578,7, 55), (578,2,74), (579,1, 89), (579,7, 73), (579,2,25), (580,1, 88), (580,6, 48), (580,5,83), (581,1, 47), (581,5, 57), (581,7,87), (582,1, 37), (582,5, 22), (582,3,38), (583,1, 41), (583,3, 81), (583,5,61), (584,1, 24), (584,6, 87), (584,4,75), (585,1, 60), (585,3, 78), (585,4,79), (586,1, 43), (586,6, 41), (586,5,25), (587,1, 41), (587,5, 93), (587,6,62), (588,1, 38), (588,7, 92), (588,6,80), (589,1, 97), (589,3, 54), (589,5,36), (590,1, 50), (590,6, 89), (590,3,58), (591,1, 71), (591,7, 11), (591,4,40), (592,1, 59), (592,5, 91), (592,4,65), (593,1, 92), (593,4, 64), (593,7,83), (594,1, 56), (594,5, 57), (594,3,52), (595,1, 41), (595,5, 90), (595,4,57), (596,1, 68), (596,7, 12), (596,3,44), (597,1, 83), (597,7, 89), (597,4,38), (598,1, 57), (598,4, 81), (598,3,63), (599,1, 60), (599,7, 39), (599,4,19), (600,1, 53), (600,7, 89), (600,4,84), (601,1, 76), (601,5, 51), (601,4,72), (602,1, 95), (602,3, 20), (602,6,68), (603,1, 28), (603,3, 57), (603,7,45), (604,1, 53), (604,6, 66), (604,3,88), (605,1, 67), (605,6, 57), (605,4,85), (606,1, 11), (606,5, 76), (606,6,23), (607,1, 17), (607,4, 84), (607,5,68), (608,1, 77), (608,6, 10), (608,2,49), (609,1, 21), (609,7, 42), (609,6,53), (610,1, 41), (610,4, 39), (610,2,51), (611,1, 56), (611,4, 20), (611,3,82), (612,1, 91), (612,6, 86), (612,4,60), (613,1, 69), (613,7, 25), (613,3,87), (614,1, 92), (614,7, 36), (614,3,37), (615,1, 17), (615,6, 61), (615,7,49), (616,1, 68), (616,5, 14), (616,7,26), (617,1, 17), (617,3, 21), (617,2,46), (618,1, 39), (618,3, 80), (618,6,72), (619,1, 80), (619,7, 90), (619,6,79), (620,1, 61), (620,3, 25), (620,2,77), (621,1, 70), (621,4, 67), (621,2,55), (622,1, 23), (622,3, 84), (622,2,62), (623,1, 31), (623,6, 80), (623,3,35), (624,1, 35), (624,7, 37), (624,3,82), (625,1, 98), (625,3, 38), (625,6,10), (626,1, 72), (626,6, 100), (626,4,60), (627,1, 81), (627,7, 97), (627,3,42), (628,1, 15), (628,6, 71), (628,2,49), (629,1, 70), (629,4, 61), (629,2,33), (630,1, 74), (630,6, 96), (630,5,37), (631,1, 85), (631,4, 28), (631,2,35), (632,1, 12), (632,7, 61), (632,5,42), (633,1, 50), (633,6, 74), (633,4,46), (634,1, 83), (634,5, 95), (634,3,13), (635,1, 44), (635,3, 98), (635,5,32), (636,1, 82), (636,6, 82), (636,4,63), (637,1, 90), (637,6, 96), (637,3,51), (638,1, 37), (638,4, 30), (638,6,93), (639,1, 80), (639,7, 76), (639,3,85), (640,1, 53), (640,4, 58), (640,3,79), (641,1, 94), (641,6, 16), (641,5,29), (642,1, 45), (642,6, 39), (642,5,64), (643,1, 35), (643,5, 55), (643,7,66), (644,1, 11), (644,5, 22), (644,6,33), (645,1, 64), (645,3, 25), (645,5,46), (646,1, 68), (646,3, 30), (646,5,16), (647,1, 55), (647,5, 16), (647,6,36), (648,1, 95), (648,4, 94), (648,7,59), (649,1, 75), (649,3, 89), (649,5,80), (650,1, 44), (650,6, 31), (650,4,97), (651,1, 59), (651,6, 14), (651,4,91), (652,1, 49), (652,7, 78), (652,4,62), (653,1, 28), (653,4, 60), (653,3,78), (654,1, 65), (654,5, 67), (654,4,95), (655,1, 21), (655,5, 95), (655,6,85), (656,1, 87), (656,6, 60), (656,5,90), (657,1, 79), (657,4, 25), (657,3,47), (658,1, 11), (658,5, 65), (658,4,91), (659,1, 37), (659,3, 60), (659,5,56), (660,1, 91), (660,5, 32), (660,6,34), (661,1, 87), (661,6, 16), (661,5,55), (662,1, 69), (662,3, 78), (662,6,59), (663,1, 79), (663,3, 73), (663,5,38), (664,1, 83), (664,3, 37), (664,2,22), (665,1, 88), (665,4, 70), (665,3,30), (666,1, 64), (666,3, 17), (666,2,22), (667,1, 79), (667,7, 49), (667,6,43), (668,1, 24), (668,4, 55), (668,6,54), (669,1, 38), (669,7, 94), (669,6,67), (670,1, 77), (670,7, 62), (670,2,63), (671,1, 84), (671,5, 50), (671,3,51), (672,1, 12), (672,6, 44), (672,7,86), (673,1, 49), (673,4, 86), (673,5,30), (674,1, 41), (674,6, 89), (674,3,40), (675,1, 100), (675,4, 18), (675,3,87), (676,1, 57), (676,4, 62), (676,6,96), (677,1, 30), (677,6, 97), (677,4,43), (678,1, 79), (678,4, 71), (678,7,23), (679,1, 39), (679,5, 32), (679,3,81), (680,1, 93), (680,5, 77), (680,3,72), (681,1, 90), (681,7, 81), (681,5,18), (682,1, 30), (682,6, 78), (682,2,12), (683,1, 36), (683,4, 45), (683,5,34), (684,1, 97), (684,6, 89), (684,4,77), (685,1, 35), (685,5, 66), (685,3,71), (686,1, 82), (686,4, 43), (686,7,17), (687,1, 33), (687,3, 43), (687,7,34), (688,1, 45), (688,7, 48), (688,6,10), (689,1, 77), (689,3, 85), (689,6,69), (690,1, 89), (690,7, 15), (690,6,76), (691,1, 87), (691,6, 34), (691,4,90), (692,1, 19), (692,4, 50), (692,7,70), (693,1, 72), (693,5, 44), (693,3,71), (694,1, 36), (694,6, 14), (694,2,76), (695,1, 48), (695,7, 97), (695,2,10), (696,1, 20), (696,3, 47), (696,2,97), (697,1, 54), (697,5, 75), (697,3,11), (698,1, 87), (698,4, 41), (698,6,26), (699,1, 72), (699,3, 13), (699,6,13), (700,1, 45), (700,7, 87), (700,2,28), (701,1, 57), (701,5, 24), (701,6,31), (702,1, 71), (702,4, 30), (702,7,70), (703,1, 76), (703,4, 26), (703,3,50), (704,1, 66), (704,4, 75), (704,6,66), (705,1, 55), (705,5, 20), (705,7,76), (706,1, 76), (706,6, 68), (706,3,79), (707,1, 37), (707,6, 32), (707,3,82), (708,1, 25), (708,7, 21), (708,2,42), (709,1, 78), (709,6, 61), (709,2,11), (710,1, 77), (710,6, 40), (710,2,48), (711,1, 59), (711,3, 59), (711,2,97), (712,1, 42), (712,7, 51), (712,6,38), (713,1, 88), (713,7, 99), (713,2,30), (714,1, 85), (714,6, 69), (714,2,61), (715,1, 68), (715,4, 87), (715,7,61), (716,1, 18), (716,4, 17), (716,3,31), (717,1, 64), (717,7, 91), (717,5,39), (718,1, 14), (718,6, 87), (718,3,76), (719,1, 24), (719,6, 99), (719,3,50), (720,1, 23), (720,6, 25), (720,5,76), (721,1, 86), (721,5, 93), (721,6,65), (722,1, 27), (722,6, 24), (722,5,77), (723,1, 50), (723,6, 33), (723,3,32), (724,1, 37), (724,3, 32), (724,7,72), (725,1, 59), (725,5, 64), (725,3,55), (726,1, 76), (726,7, 40), (726,5,66), (727,1, 30), (727,6, 79), (727,7,33), (728,1, 52), (728,6, 18), (728,5,79), (729,1, 20), (729,3, 19), (729,6,88), (730,1, 22), (730,6, 29), (730,3,68), (731,1, 69), (731,4, 59), (731,3,10), (732,1, 23), (732,3, 46), (732,7,91), (733,1, 10), (733,5, 53), (733,4,45), (734,1, 12), (734,4, 74), (734,7,37), (735,1, 94), (735,7, 45), (735,6,18), (736,1, 95), (736,4, 19), (736,2,14), (737,1, 81), (737,4, 73), (737,2,56), (738,1, 83), (738,4, 67), (738,2,80), (739,1, 70), (739,3, 33), (739,6,95), (740,1, 32), (740,6, 70), (740,3,54), (741,1, 50), (741,7, 61), (741,5,48), (742,1, 23), (742,3, 45), (742,2,30), (743,1, 13), (743,6, 66), (743,5,52), (744,1, 76), (744,7, 94), (744,2,23), (745,1, 65), (745,5, 28), (745,3,17), (746,1, 45), (746,4, 29), (746,5,80), (747,1, 11), (747,6, 16), (747,4,90), (748,1, 55), (748,6, 88), (748,2,36), (749,1, 60), (749,6, 44), (749,4,71), (750,1, 77), (750,3, 13), (750,5,13), (751,1, 43), (751,5, 74), (751,7,10), (752,1, 79), (752,3, 25), (752,5,50), (753,1, 51), (753,4, 76), (753,2,84), (754,1, 22), (754,7, 16), (754,3,82), (755,1, 79), (755,3, 66), (755,4,10), (756,1, 73), (756,4, 13), (756,3,82), (757,1, 38), (757,4, 68), (757,3,63), (758,1, 69), (758,7, 40), (758,3,29), (759,1, 51), (759,5, 76), (759,3,76), (760,1, 13), (760,5, 21), (760,2,50), (761,1, 64), (761,7, 18), (761,6,35), (762,1, 55), (762,3, 62), (762,5,99), (763,1, 16), (763,5, 98), (763,4,58), (764,1, 19), (764,6, 53), (764,2,20), (765,1, 75), (765,3, 59), (765,7,41), (766,1, 51), (766,4, 100), (766,6,29), (767,1, 23), (767,7, 80), (767,3,84), (768,1, 47), (768,6, 69), (768,4,93), (769,1, 84), (769,3, 35), (769,5,14), (770,1, 77), (770,7, 85), (770,2,13), (771,1, 68), (771,4, 93), (771,5,48), (772,1, 80), (772,4, 61), (772,6,20), (773,1, 100), (773,4, 30), (773,2,52), (774,1, 84), (774,4, 85), (774,7,30), (775,1, 10), (775,7, 48), (775,4,44), (776,1, 29), (776,6, 38), (776,4,70), (777,1, 64), (777,7, 68), (777,5,90), (778,1, 25), (778,5, 31), (778,3,66), (779,1, 73), (779,6, 35), (779,3,90), (780,1, 40), (780,6, 36), (780,3,99), (781,1, 49), (781,3, 88), (781,5,19), (782,1, 95), (782,7, 45), (782,3,86), (783,1, 14), (783,6, 26), (783,2,74), (784,1, 82), (784,7, 68), (784,6,34), (785,1, 13), (785,6, 17), (785,4,19), (786,1, 86), (786,3, 28), (786,2,68), (787,1, 67), (787,6, 90), (787,2,67), (788,1, 100), (788,7, 62), (788,2,34), (789,1, 23), (789,6, 15), (789,2,16), (790,1, 21), (790,5, 17), (790,3,57), (791,1, 80), (791,7, 19), (791,4,27), (792,1, 96), (792,3, 85), (792,2,98), (793,1, 26), (793,5, 27), (793,2,45), (794,1, 20), (794,4, 15), (794,6,28), (795,1, 54), (795,5, 68), (795,6,59), (796,1, 68), (796,4, 29), (796,6,99), (797,1, 86), (797,3, 83), (797,4,46), (798,1, 21), (798,4, 19), (798,7,44), (799,1, 38), (799,3, 63), (799,2,38), (800,1, 90), (800,5, 80), (800,2,23), (801,1, 55), (801,7, 37), (801,2,50), (802,1, 40), (802,7, 18), (802,5,46), (803,1, 63), (803,4, 63), (803,7,36), (804,1, 39), (804,3, 63), (804,5,37), (805,1, 10), (805,7, 55), (805,4,53), (806,1, 22), (806,4, 48), (806,5,62), (807,1, 41), (807,6, 70), (807,5,50), (808,1, 64), (808,6, 44), (808,3,29), (809,1, 17), (809,7, 67), (809,2,96), (810,1, 74), (810,5, 87), (810,4,74), (811,1, 66), (811,3, 83), (811,2,97), (812,1, 72), (812,7, 47), (812,4,33), (813,1, 35), (813,5, 94), (813,7,92), (814,1, 32), (814,5, 14), (814,6,17), (815,1, 93), (815,7, 65), (815,4,32), (816,1, 33), (816,6, 98), (816,5,55), (817,1, 86), (817,4, 46), (817,5,78), (818,1, 19), (818,5, 22), (818,7,66), (819,1, 34), (819,3, 46), (819,2,31), (820,1, 22), (820,4, 39), (820,3,96), (821,1, 86), (821,6, 68), (821,7,89), (822,1, 50), (822,7, 41), (822,3,14), (823,1, 44), (823,5, 36), (823,7,55), (824,1, 37), (824,5, 29), (824,6,16), (825,1, 86), (825,6, 78), (825,5,14), (826,1, 92), (826,4, 19), (826,7,47), (827,1, 57), (827,4, 56), (827,5,57), (828,1, 70), (828,6, 51), (828,2,45), (829,1, 33), (829,6, 39), (829,4,67), (830,1, 100), (830,7, 60), (830,6,78), (831,1, 22), (831,5, 91), (831,2,87), (832,1, 59), (832,3, 80), (832,7,67), (833,1, 65), (833,4, 91), (833,7,46), (834,1, 54), (834,4, 33), (834,7,89), (835,1, 97), (835,6, 99), (835,2,49), (836,1, 18), (836,6, 94), (836,7,58), (837,1, 31), (837,5, 12), (837,3,17), (838,1, 86), (838,4, 50), (838,5,42), (839,1, 14), (839,7, 29), (839,6,90), (840,1, 13), (840,3, 44), (840,4,77), (841,1, 11), (841,6, 20), (841,3,10), (842,1, 24), (842,3, 100), (842,6,94), (843,1, 17), (843,3, 84), (843,7,15), (844,1, 49), (844,4, 78), (844,6,40), (845,1, 17), (845,5, 90), (845,3,30), (846,1, 12), (846,7, 65), (846,4,99), (847,1, 35), (847,6, 83), (847,4,80), (848,1, 78), (848,7, 35), (848,2,27), (849,1, 95), (849,3, 52), (849,7,82), (850,1, 65), (850,3, 35), (850,6,79), (851,1, 31), (851,6, 36), (851,4,67), (852,1, 48), (852,5, 91), (852,7,11), (853,1, 78), (853,7, 43), (853,4,57), (854,1, 33), (854,6, 53), (854,5,34), (855,1, 17), (855,7, 89), (855,3,63), (856,1, 38), (856,4, 30), (856,2,20), (857,1, 20), (857,6, 58), (857,7,61), (858,1, 54), (858,4, 76), (858,6,77), (859,1, 37), (859,3, 13), (859,6,11), (860,1, 14), (860,5, 93), (860,4,26), (861,1, 100), (861,4, 15), (861,2,17), (862,1, 73), (862,4, 66), (862,5,13), (863,1, 42), (863,3, 26), (863,5,23), (864,1, 59), (864,7, 82), (864,2,62), (865,1, 14), (865,4, 59), (865,7,83), (866,1, 42), (866,3, 19), (866,6,29), (867,1, 89), (867,3, 22), (867,4,57), (868,1, 95), (868,4, 49), (868,7,62), (869,1, 56), (869,4, 48), (869,7,20), (870,1, 77), (870,4, 17), (870,2,99), (871,1, 77), (871,4, 52), (871,6,13), (872,1, 48), (872,4, 29), (872,7,26), (873,1, 55), (873,6, 17), (873,4,97), (874,1, 45), (874,6, 70), (874,5,49), (875,1, 45), (875,7, 40), (875,2,36), (876,1, 87), (876,7, 69), (876,2,61), (877,1, 69), (877,7, 89), (877,2,69), (878,1, 66), (878,3, 53), (878,5,80), (879,1, 29), (879,7, 40), (879,4,85), (880,1, 15), (880,7, 93), (880,5,65), (881,1, 19), (881,4, 63), (881,2,30), (882,1, 31), (882,4, 27), (882,6,34), (883,1, 65), (883,7, 44), (883,2,15), (884,1, 48), (884,6, 49), (884,2,56), (885,1, 75), (885,3, 87), (885,4,92), (886,1, 48), (886,3, 67), (886,5,17), (887,1, 67), (887,7, 73), (887,6,32), (888,1, 95), (888,7, 94), (888,3,77), (889,1, 72), (889,5, 52), (889,4,91), (890,1, 85), (890,3, 65), (890,6,91), (891,1, 59), (891,4, 98), (891,5,79), (892,1, 96), (892,7, 11), (892,4,19), (893,1, 32), (893,6, 70), (893,5,64), (894,1, 62), (894,5, 39), (894,7,53), (895,1, 42), (895,4, 70), (895,5,88), (896,1, 42), (896,3, 92), (896,6,23), (897,1, 100), (897,3, 36), (897,4,60), (898,1, 88), (898,7, 78), (898,3,55), (899,1, 89), (899,3, 40), (899,4,70), (900,1, 44), (900,5, 99), (900,2,39), (901,1, 35), (901,7, 19), (901,6,66), (902,1, 59), (902,7, 20), (902,6,76), (903,1, 49), (903,3, 50), (903,7,29), (904,1, 84), (904,6, 39), (904,3,48), (905,1, 29), (905,3, 11), (905,7,19), (906,1, 13), (906,3, 65), (906,4,53), (907,1, 84), (907,5, 83), (907,4,98), (908,1, 56), (908,7, 27), (908,2,50), (909,1, 100), (909,6, 35), (909,5,79), (910,1, 79), (910,5, 68), (910,2,30), (911,1, 85), (911,5, 97), (911,4,58), (912,1, 61), (912,5, 64), (912,7,17), (913,1, 91), (913,6, 59), (913,4,59), (914,1, 50), (914,5, 55), (914,7,93), (915,1, 38), (915,4, 29), (915,7,17), (916,1, 48), (916,7, 14), (916,3,94), (917,1, 88), (917,7, 30), (917,6,35), (918,1, 34), (918,5, 88), (918,2,41), (919,1, 24), (919,6, 92), (919,2,31), (920,1, 92), (920,3, 48), (920,6,77), (921,1, 65), (921,6, 29), (921,3,10), (922,1, 78), (922,7, 54), (922,4,53), (923,1, 49), (923,4, 59), (923,2,25), (924,1, 31), (924,6, 18), (924,5,21), (925,1, 92), (925,3, 18), (925,7,83), (926,1, 10), (926,6, 93), (926,2,39), (927,1, 84), (927,4, 18), (927,3,99), (928,1, 61), (928,3, 61), (928,7,47), (929,1, 61), (929,3, 14), (929,5,37), (930,1, 80), (930,6, 77), (930,4,40), (931,1, 16), (931,7, 31), (931,6,45), (932,1, 50), (932,5, 41), (932,7,29), (933,1, 56), (933,5, 42), (933,6,49), (934,1, 63), (934,7, 56), (934,3,11), (935,1, 56), (935,3, 92), (935,2,22), (936,1, 71), (936,6, 40), (936,2,99), (937,1, 93), (937,5, 33), (937,2,80), (938,1, 12), (938,4, 74), (938,2,99), (939,1, 74), (939,6, 20), (939,7,68), (940,1, 96), (940,5, 44), (940,3,56), (941,1, 40), (941,7, 56), (941,5,53), (942,1, 62), (942,6, 76), (942,5,84), (943,1, 50), (943,3, 43), (943,2,76), (944,1, 21), (944,4, 22), (944,5,44), (945,1, 75), (945,3, 90), (945,7,19), (946,1, 66), (946,5, 30), (946,2,79), (947,1, 35), (947,6, 25), (947,2,27), (948,1, 33), (948,6, 34), (948,2,17), (949,1, 89), (949,4, 18), (949,6,19), (950,1, 12), (950,4, 29), (950,3,29), (951,1, 97), (951,5, 95), (951,2,61), (952,1, 51), (952,4, 22), (952,7,57), (953,1, 46), (953,3, 34), (953,6,51), (954,1, 51), (954,4, 19), (954,6,76), (955,1, 34), (955,3, 56), (955,6,57), (956,1, 55), (956,6, 27), (956,5,34), (957,1, 74), (957,6, 69), (957,7,22), (958,1, 46), (958,4, 47), (958,5,100), (959,1, 53), (959,5, 98), (959,2,36), (960,1, 55), (960,6, 49), (960,4,90), (961,1, 63), (961,4, 62), (961,7,11), (962,1, 67), (962,3, 62), (962,5,54), (963,1, 91), (963,4, 16), (963,6,14), (964,1, 43), (964,4, 78), (964,6,62), (965,1, 99), (965,5, 14), (965,7,10), (966,1, 44), (966,4, 89), (966,7,70), (967,1, 56), (967,3, 46), (967,4,14), (968,1, 19), (968,4, 60), (968,2,84), (969,1, 91), (969,5, 10), (969,7,88), (970,1, 53), (970,7, 52), (970,6,21), (971,1, 76), (971,7, 97), (971,4,89), (972,1, 73), (972,3, 79), (972,7,47), (973,1, 82), (973,5, 38), (973,7,60), (974,1, 83), (974,3, 31), (974,4,55), (975,1, 54), (975,3, 20), (975,6,37), (976,1, 57), (976,5, 35), (976,3,90), (977,1, 54), (977,6, 22), (977,2,81), (978,1, 19), (978,7, 38), (978,2,34), (979,1, 91), (979,6, 74), (979,5,57), (980,1, 66), (980,3, 18), (980,5,65), (981,1, 12), (981,5, 86), (981,3,17), (982,1, 21), (982,5, 50), (982,7,79), (983,1, 50), (983,7, 30), (983,4,86), (984,1, 99), (984,3, 12), (984,4,30), (985,1, 49), (985,6, 33), (985,7,21), (986,1, 36), (986,3, 21), (986,5,55), (987,1, 49), (987,5, 55), (987,4,74), (988,1, 15), (988,5, 96), (988,6,86), (989,1, 17), (989,6, 25), (989,4,27), (990,1, 100), (990,3, 87), (990,6,45), (991,1, 63), (991,6, 81), (991,2,36), (992,1, 59), (992,5, 21), (992,7,82), (993,1, 76), (993,5, 88), (993,7,17), (994,1, 33), (994,7, 50), (994,2,71), (995,1, 11), (995,4, 81), (995,2,37), (996,1, 81), (996,3, 88), (996,5,10), (997,1, 100), (997,4, 14), (997,7,63), (998,1, 80), (998,3, 16), (998,6,42), (999,1, 12), (999,3, 16), (999,7,27), (1000,1, 27), (1000,3, 65), (1000,2,72);
INSERT INTO user_information_roles (ROLES, USER_INFORMATION_ID) VALUES (1,1), (2,1), (0,2), (2,2), (0,3), (2,3), (0,4), (2,4), (0,5), (2,5), (0,6), (0,7), (0,8), (0,9), (2,9), (0,10), (2,10), (0,11), (2,11), (0,12), (0,13), (2,13), (0,14), (0,15), (2,15), (0,16), (0,17), (0,18), (2,18), (0,19), (0,20), (2,20), (0,21), (2,21), (0,22), (0,23), (0,24), (2,24), (0,25), (0,26), (2,26), (0,27), (2,27), (0,28), (2,28), (0,29), (0,30), (2,30), (0,31), (0,32), (2,32), (0,33), (0,34), (2,34), (0,35), (0,36), (0,37), (2,37), (0,38), (2,38), (0,39), (0,40), (0,41), (2,41), (0,42), (2,42), (0,43), (0,44), (2,44), (0,45), (0,46), (0,47), (2,47), (0,48), (2,48), (0,49), (2,49), (0,50), (2,50), (0,51), (2,51), (0,52), (2,52), (0,53), (0,54), (2,54), (0,55), (2,55), (0,56), (0,57), (2,57), (0,58), (2,58), (0,59), (2,59), (0,60), (2,60), (0,61), (2,61), (0,62), (0,63), (2,63), (0,64), (2,64), (0,65), (2,65), (0,66), (0,67), (2,67), (0,68), (2,68), (0,69), (2,69), (0,70), (2,70), (0,71), (2,71), (0,72), (2,72), (0,73), (2,73), (0,74), (2,74), (0,75), (2,75), (0,76), (2,76), (0,77), (2,77), (0,78), (2,78), (0,79), (2,79), (0,80), (2,80), (0,81), (0,82), (2,82), (0,83), (2,83), (0,84), (2,84), (0,85), (2,85), (0,86), (2,86), (0,87), (2,87), (0,88), (0,89), (2,89), (0,90), (2,90), (0,91), (2,91), (0,92), (0,93), (0,94), (2,94), (0,95), (2,95), (0,96), (2,96), (0,97), (2,97), (0,98), (0,99), (2,99), (0,100), (2,100), (0,101), (2,101), (0,102), (2,102), (0,103), (2,103), (0,104), (2,104), (0,105), (2,105), (0,106), (2,106), (0,107), (2,107), (0,108), (2,108), (0,109), (2,109), (0,110), (0,111), (0,112), (2,112), (0,113), (0,114), (2,114), (0,115), (2,115), (0,116), (2,116), (0,117), (2,117), (0,118), (2,118), (0,119), (2,119), (0,120), (0,121), (2,121), (0,122), (0,123), (0,124), (0,125), (2,125), (0,126), (2,126), (0,127), (2,127), (0,128), (0,129), (2,129), (0,130), (2,130), (0,131), (0,132), (2,132), (0,133), (0,134), (0,135), (0,136), (2,136), (0,137), (0,138), (2,138), (0,139), (2,139), (0,140), (2,140), (0,141), (2,141), (0,142), (2,142), (0,143), (2,143), (0,144), (0,145), (2,145), (0,146), (2,146), (0,147), (2,147), (0,148), (0,149), (2,149), (0,150), (2,150), (0,151), (2,151), (0,152), (2,152), (0,153), (2,153), (0,154), (0,155), (0,156), (2,156), (0,157), (0,158), (0,159), (2,159), (0,160), (2,160), (0,161), (2,161), (0,162), (2,162), (0,163), (0,164), (2,164), (0,165), (2,165), (0,166), (0,167), (2,167), (0,168), (2,168), (0,169), (2,169), (0,170), (2,170), (0,171), (0,172), (0,173), (2,173), (0,174), (0,175), (0,176), (2,176), (0,177), (0,178), (2,178), (0,179), (0,180), (0,181), (0,182), (2,182), (0,183), (2,183), (0,184), (0,185), (0,186), (2,186), (0,187), (2,187), (0,188), (2,188), (0,189), (2,189), (0,190), (2,190), (0,191), (2,191), (0,192), (0,193), (2,193), (0,194), (0,195), (0,196), (2,196), (0,197), (0,198), (0,199), (2,199), (0,200), (2,200), (0,201), (0,202), (2,202), (0,203), (2,203), (0,204), (2,204), (0,205), (2,205), (0,206), (2,206), (0,207), (2,207), (0,208), (2,208), (0,209), (2,209), (0,210), (0,211), (2,211), (0,212), (2,212), (0,213), (2,213), (0,214), (0,215), (2,215), (0,216), (2,216), (0,217), (2,217), (0,218), (2,218), (0,219), (0,220), (2,220), (0,221), (0,222), (2,222), (0,223), (2,223), (0,224), (2,224), (0,225), (2,225), (0,226), (2,226), (0,227), (2,227), (0,228), (2,228), (0,229), (2,229), (0,230), (2,230), (0,231), (2,231), (0,232), (2,232), (0,233), (2,233), (0,234), (0,235), (2,235), (0,236), (2,236), (0,237), (2,237), (0,238), (2,238), (0,239), (0,240), (0,241), (2,241), (0,242), (2,242), (0,243), (2,243), (0,244), (2,244), (0,245), (0,246), (0,247), (0,248), (2,248), (0,249), (2,249), (0,250), (2,250), (0,251), (2,251), (0,252), (0,253), (2,253), (0,254), (2,254), (0,255), (0,256), (2,256), (0,257), (2,257), (0,258), (2,258), (0,259), (2,259), (0,260), (2,260), (0,261), (2,261), (0,262), (2,262), (0,263), (0,264), (2,264), (0,265), (2,265), (0,266), (2,266), (0,267), (2,267), (0,268), (2,268), (0,269), (0,270), (0,271), (2,271), (0,272), (0,273), (2,273), (0,274), (2,274), (0,275), (2,275), (0,276), (2,276), (0,277), (2,277), (0,278), (2,278), (0,279), (0,280), (2,280), (0,281), (2,281), (0,282), (2,282), (0,283), (2,283), (0,284), (2,284), (0,285), (2,285), (0,286), (0,287), (2,287), (0,288), (2,288), (0,289), (2,289), (0,290), (0,291), (2,291), (0,292), (0,293), (2,293), (0,294), (2,294), (0,295), (2,295), (0,296), (2,296), (0,297), (2,297), (0,298), (2,298), (0,299), (0,300), (2,300), (0,301), (2,301), (0,302), (2,302), (0,303), (2,303), (0,304), (2,304), (0,305), (2,305), (0,306), (0,307), (2,307), (0,308), (2,308), (0,309), (2,309), (0,310), (2,310), (0,311), (2,311), (0,312), (2,312), (0,313), (2,313), (0,314), (2,314), (0,315), (2,315), (0,316), (2,316), (0,317), (2,317), (0,318), (0,319), (0,320), (2,320), (0,321), (2,321), (0,322), (2,322), (0,323), (2,323), (0,324), (0,325), (0,326), (2,326), (0,327), (2,327), (0,328), (2,328), (0,329), (2,329), (0,330), (2,330), (0,331), (0,332), (2,332), (0,333), (2,333), (0,334), (0,335), (2,335), (0,336), (2,336), (0,337), (2,337), (0,338), (2,338), (0,339), (2,339), (0,340), (0,341), (0,342), (2,342), (0,343), (2,343), (0,344), (2,344), (0,345), (0,346), (0,347), (0,348), (0,349), (2,349), (0,350), (0,351), (0,352), (2,352), (0,353), (2,353), (0,354), (2,354), (0,355), (2,355), (0,356), (2,356), (0,357), (0,358), (2,358), (0,359), (0,360), (2,360), (0,361), (2,361), (0,362), (2,362), (0,363), (2,363), (0,364), (0,365), (2,365), (0,366), (2,366), (0,367), (2,367), (0,368), (2,368), (0,369), (2,369), (0,370), (2,370), (0,371), (0,372), (0,373), (0,374), (2,374), (0,375), (2,375), (0,376), (2,376), (0,377), (0,378), (2,378), (0,379), (2,379), (0,380), (2,380), (0,381), (2,381), (0,382), (2,382), (0,383), (2,383), (0,384), (0,385), (2,385), (0,386), (2,386), (0,387), (0,388), (2,388), (0,389), (2,389), (0,390), (2,390), (0,391), (2,391), (0,392), (0,393), (2,393), (0,394), (2,394), (0,395), (2,395), (0,396), (2,396), (0,397), (2,397), (0,398), (0,399), (2,399), (0,400), (2,400), (0,401), (2,401), (0,402), (2,402), (0,403), (2,403), (0,404), (2,404), (0,405), (2,405), (0,406), (2,406), (0,407), (2,407), (0,408), (0,409), (2,409), (0,410), (2,410), (0,411), (2,411), (0,412), (2,412), (0,413), (0,414), (0,415), (2,415), (0,416), (0,417), (2,417), (0,418), (2,418), (0,419), (0,420), (2,420), (0,421), (2,421), (0,422), (2,422), (0,423), (2,423), (0,424), (2,424), (0,425), (2,425), (0,426), (2,426), (0,427), (2,427), (0,428), (2,428), (0,429), (2,429), (0,430), (0,431), (2,431), (0,432), (2,432), (0,433), (2,433), (0,434), (2,434), (0,435), (2,435), (0,436), (0,437), (2,437), (0,438), (2,438), (0,439), (0,440), (2,440), (0,441), (2,441), (0,442), (2,442), (0,443), (2,443), (0,444), (2,444), (0,445), (0,446), (2,446), (0,447), (2,447), (0,448), (2,448), (0,449), (2,449), (0,450), (2,450), (0,451), (2,451), (0,452), (2,452), (0,453), (0,454), (2,454), (0,455), (2,455), (0,456), (2,456), (0,457), (2,457), (0,458), (2,458), (0,459), (2,459), (0,460), (2,460), (0,461), (2,461), (0,462), (2,462), (0,463), (2,463), (0,464), (2,464), (0,465), (0,466), (2,466), (0,467), (2,467), (0,468), (2,468), (0,469), (2,469), (0,470), (0,471), (2,471), (0,472), (2,472), (0,473), (0,474), (2,474), (0,475), (2,475), (0,476), (0,477), (0,478), (2,478), (0,479), (2,479), (0,480), (2,480), (0,481), (2,481), (0,482), (0,483), (2,483), (0,484), (2,484), (0,485), (2,485), (0,486), (0,487), (2,487), (0,488), (0,489), (2,489), (0,490), (2,490), (0,491), (2,491), (0,492), (2,492), (0,493), (0,494), (2,494), (0,495), (2,495), (0,496), (2,496), (0,497), (2,497), (0,498), (2,498), (0,499), (2,499), (0,500), (0,501), (2,501), (0,502), (2,502), (0,503), (0,504), (0,505), (0,506), (0,507), (2,507), (0,508), (2,508), (0,509), (2,509), (0,510), (2,510), (0,511), (2,511), (0,512), (2,512), (0,513), (2,513), (0,514), (2,514), (0,515), (0,516), (2,516), (0,517), (2,517), (0,518), (2,518), (0,519), (2,519), (0,520), (0,521), (2,521), (0,522), (0,523), (0,524), (2,524), (0,525), (0,526), (2,526), (0,527), (2,527), (0,528), (2,528), (0,529), (2,529), (0,530), (0,531), (2,531), (0,532), (0,533), (0,534), (2,534), (0,535), (2,535), (0,536), (0,537), (0,538), (2,538), (0,539), (2,539), (0,540), (0,541), (2,541), (0,542), (2,542), (0,543), (2,543), (0,544), (2,544), (0,545), (2,545), (0,546), (0,547), (2,547), (0,548), (2,548), (0,549), (2,549), (0,550), (2,550), (0,551), (2,551), (0,552), (2,552), (0,553), (2,553), (0,554), (2,554), (0,555), (0,556), (2,556), (0,557), (2,557), (0,558), (2,558), (0,559), (2,559), (0,560), (2,560), (0,561), (2,561), (0,562), (2,562), (0,563), (2,563), (0,564), (2,564), (0,565), (2,565), (0,566), (2,566), (0,567), (2,567), (0,568), (2,568), (0,569), (0,570), (2,570), (0,571), (0,572), (2,572), (0,573), (2,573), (0,574), (2,574), (0,575), (0,576), (2,576), (0,577), (2,577), (0,578), (0,579), (2,579), (0,580), (0,581), (2,581), (0,582), (2,582), (0,583), (2,583), (0,584), (2,584), (0,585), (2,585), (0,586), (2,586), (0,587), (2,587), (0,588), (0,589), (2,589), (0,590), (2,590), (0,591), (2,591), (0,592), (0,593), (0,594), (2,594), (0,595), (2,595), (0,596), (0,597), (2,597), (0,598), (2,598), (0,599), (2,599), (0,600), (2,600), (0,601), (0,602), (2,602), (0,603), (0,604), (2,604), (0,605), (2,605), (0,606), (2,606), (0,607), (2,607), (0,608), (2,608), (0,609), (2,609), (0,610), (2,610), (0,611), (0,612), (2,612), (0,613), (0,614), (0,615), (0,616), (2,616), (0,617), (2,617), (0,618), (0,619), (2,619), (0,620), (2,620), (0,621), (2,621), (0,622), (2,622), (0,623), (0,624), (2,624), (0,625), (0,626), (2,626), (0,627), (2,627), (0,628), (2,628), (0,629), (2,629), (0,630), (0,631), (2,631), (0,632), (0,633), (2,633), (0,634), (2,634), (0,635), (2,635), (0,636), (2,636), (0,637), (0,638), (0,639), (2,639), (0,640), (2,640), (0,641), (2,641), (0,642), (2,642), (0,643), (0,644), (2,644), (0,645), (2,645), (0,646), (0,647), (2,647), (0,648), (2,648), (0,649), (2,649), (0,650), (0,651), (0,652), (2,652), (0,653), (2,653), (0,654), (2,654), (0,655), (2,655), (0,656), (2,656), (0,657), (2,657), (0,658), (0,659), (2,659), (0,660), (2,660), (0,661), (2,661), (0,662), (2,662), (0,663), (0,664), (0,665), (2,665), (0,666), (0,667), (2,667), (0,668), (2,668), (0,669), (2,669), (0,670), (0,671), (2,671), (0,672), (2,672), (0,673), (2,673), (0,674), (2,674), (0,675), (2,675), (0,676), (2,676), (0,677), (2,677), (0,678), (2,678), (0,679), (2,679), (0,680), (2,680), (0,681), (2,681), (0,682), (2,682), (0,683), (0,684), (2,684), (0,685), (2,685), (0,686), (0,687), (2,687), (0,688), (2,688), (0,689), (2,689), (0,690), (2,690), (0,691), (2,691), (0,692), (2,692), (0,693), (0,694), (2,694), (0,695), (2,695), (0,696), (2,696), (0,697), (2,697), (0,698), (2,698), (0,699), (2,699), (0,700), (0,701), (2,701), (0,702), (2,702), (0,703), (2,703), (0,704), (2,704), (0,705), (2,705), (0,706), (2,706), (0,707), (0,708), (2,708), (0,709), (2,709), (0,710), (2,710), (0,711), (2,711), (0,712), (2,712), (0,713), (0,714), (2,714), (0,715), (2,715), (0,716), (0,717), (2,717), (0,718), (0,719), (2,719), (0,720), (2,720), (0,721), (2,721), (0,722), (2,722), (0,723), (0,724), (0,725), (2,725), (0,726), (2,726), (0,727), (0,728), (0,729), (0,730), (2,730), (0,731), (2,731), (0,732), (2,732), (0,733), (2,733), (0,734), (2,734), (0,735), (2,735), (0,736), (2,736), (0,737), (0,738), (2,738), (0,739), (2,739), (0,740), (2,740), (0,741), (2,741), (0,742), (2,742), (0,743), (2,743), (0,744), (2,744), (0,745), (2,745), (0,746), (2,746), (0,747), (2,747), (0,748), (0,749), (2,749), (0,750), (2,750), (0,751), (2,751), (0,752), (2,752), (0,753), (2,753), (0,754), (2,754), (0,755), (0,756), (2,756), (0,757), (2,757), (0,758), (2,758), (0,759), (2,759), (0,760), (2,760), (0,761), (2,761), (0,762), (2,762), (0,763), (2,763), (0,764), (0,765), (2,765), (0,766), (2,766), (0,767), (2,767), (0,768), (2,768), (0,769), (2,769), (0,770), (2,770), (0,771), (2,771), (0,772), (2,772), (0,773), (0,774), (0,775), (2,775), (0,776), (2,776), (0,777), (2,777), (0,778), (2,778), (0,779), (2,779), (0,780), (2,780), (0,781), (2,781), (0,782), (0,783), (0,784), (2,784), (0,785), (2,785), (0,786), (2,786), (0,787), (2,787), (0,788), (2,788), (0,789), (2,789), (0,790), (2,790), (0,791), (0,792), (2,792), (0,793), (0,794), (2,794), (0,795), (0,796), (2,796), (0,797), (0,798), (2,798), (0,799), (0,800), (0,801), (2,801), (0,802), (0,803), (0,804), (2,804), (0,805), (0,806), (2,806), (0,807), (2,807), (0,808), (2,808), (0,809), (0,810), (2,810), (0,811), (2,811), (0,812), (2,812), (0,813), (2,813), (0,814), (2,814), (0,815), (2,815), (0,816), (2,816), (0,817), (0,818), (0,819), (0,820), (0,821), (2,821), (0,822), (0,823), (0,824), (2,824), (0,825), (2,825), (0,826), (2,826), (0,827), (2,827), (0,828), (2,828), (0,829), (0,830), (2,830), (0,831), (2,831), (0,832), (2,832), (0,833), (2,833), (0,834), (0,835), (2,835), (0,836), (2,836), (0,837), (2,837), (0,838), (0,839), (2,839), (0,840), (2,840), (0,841), (0,842), (2,842), (0,843), (2,843), (0,844), (0,845), (2,845), (0,846), (2,846), (0,847), (2,847), (0,848), (0,849), (2,849), (0,850), (2,850), (0,851), (2,851), (0,852), (2,852), (0,853), (2,853), (0,854), (2,854), (0,855), (2,855), (0,856), (0,857), (0,858), (2,858), (0,859), (0,860), (0,861), (2,861), (0,862), (0,863), (2,863), (0,864), (2,864), (0,865), (2,865), (0,866), (0,867), (0,868), (2,868), (0,869), (2,869), (0,870), (0,871), (2,871), (0,872), (2,872), (0,873), (2,873), (0,874), (0,875), (2,875), (0,876), (2,876), (0,877), (0,878), (2,878), (0,879), (2,879), (0,880), (0,881), (0,882), (2,882), (0,883), (2,883), (0,884), (2,884), (0,885), (0,886), (2,886), (0,887), (2,887), (0,888), (2,888), (0,889), (0,890), (2,890), (0,891), (2,891), (0,892), (2,892), (0,893), (0,894), (0,895), (2,895), (0,896), (2,896), (0,897), (2,897), (0,898), (0,899), (0,900), (0,901), (2,901), (0,902), (2,902), (0,903), (2,903), (0,904), (0,905), (2,905), (0,906), (2,906), (0,907), (0,908), (0,909), (2,909), (0,910), (2,910), (0,911), (2,911), (0,912), (2,912), (0,913), (2,913), (0,914), (2,914), (0,915), (0,916), (2,916), (0,917), (2,917), (0,918), (0,919), (2,919), (0,920), (2,920), (0,921), (2,921), (0,922), (2,922), (0,923), (2,923), (0,924), (2,924), (0,925), (2,925), (0,926), (2,926), (0,927), (2,927), (0,928), (2,928), (0,929), (0,930), (2,930), (0,931), (2,931), (0,932), (2,932), (0,933), (2,933), (0,934), (2,934), (0,935), (2,935), (0,936), (2,936), (0,937), (0,938), (2,938), (0,939), (2,939), (0,940), (2,940), (0,941), (2,941), (0,942), (2,942), (0,943), (2,943), (0,944), (0,945), (2,945), (0,946), (2,946), (0,947), (2,947), (0,948), (2,948), (0,949), (2,949), (0,950), (2,950), (0,951), (2,951), (0,952), (2,952), (0,953), (2,953), (0,954), (2,954), (0,955), (2,955), (0,956), (0,957), (2,957), (0,958), (2,958), (0,959), (2,959), (0,960), (2,960), (0,961), (2,961), (0,962), (2,962), (0,963), (2,963), (0,964), (2,964), (0,965), (0,966), (2,966), (0,967), (2,967), (0,968), (2,968), (0,969), (2,969), (0,970), (0,971), (0,972), (2,972), (0,973), (0,974), (2,974), (0,975), (0,976), (2,976), (0,977), (2,977), (0,978), (2,978), (0,979), (2,979), (0,980), (2,980), (0,981), (0,982), (2,982), (0,983), (2,983), (0,984), (0,985), (0,986), (2,986), (0,987), (2,987), (0,988), (2,988), (0,989), (2,989), (0,990), (2,990), (0,991), (2,991), (0,992), (0,993), (2,993), (0,994), (2,994), (0,995), (0,996), (2,996), (0,997), (2,997), (0,998), (2,998), (0,999), (2,999), (0,1000), (2,1000);



ALTER TABLE PUBLIC.USER_INFORMATION_ROLES DROP CONSTRAINT FKT140WFQK89SM888A90CY73LGA;
ALTER TABLE PUBLIC.USER_INFORMATION_ROLES ADD CONSTRAINT FKT140WFQK89SM888A90CY73LGA FOREIGN KEY (USER_INFORMATION_ID) REFERENCES USER_INFORMATION (ID) ON DELETE CASCADE;

ALTER TABLE PUBLIC.USERS DROP CONSTRAINT FKA0X3HQO3K1895LK412MWOPNO2;
ALTER TABLE PUBLIC.USERS ADD CONSTRAINT FKA0X3HQO3K1895LK412MWOPNO2 FOREIGN KEY (GROUPS_ID) REFERENCES GROUPS (ID) ON DELETE SET NULL;

ALTER TABLE PUBLIC.FACULTIES DROP CONSTRAINT FKNI6I0BQ8B6525W806EO593N7E;
ALTER TABLE PUBLIC.FACULTIES ADD CONSTRAINT FKNI6I0BQ8B6525W806EO593N7E FOREIGN KEY (UNIVERSITIES_ID) REFERENCES UNIVERSITIES (ID) ON DELETE CASCADE;

ALTER TABLE PUBLIC.GROUPS DROP CONSTRAINT FKIP0OV3LLFM2NXXIUE5RT0VTN2;
ALTER TABLE PUBLIC.GROUPS ADD CONSTRAINT FKIP0OV3LLFM2NXXIUE5RT0VTN2 FOREIGN KEY (FACULTIES_ID) REFERENCES FACULTIES (ID) ON DELETE CASCADE;

ALTER TABLE PUBLIC.GROUPS_SUBJECTS DROP CONSTRAINT FKOJXXFM09OSDV6J9JDB59FLSA1;
ALTER TABLE PUBLIC.GROUPS_SUBJECTS ADD CONSTRAINT FKOJXXFM09OSDV6J9JDB59FLSA1 FOREIGN KEY (GROUPS_ID) REFERENCES GROUPS (ID) ON DELETE CASCADE;

ALTER TABLE PUBLIC.USERS_SUBJECTS DROP CONSTRAINT FKMSLW7WMND17MFAL87LTS6H68D;
ALTER TABLE PUBLIC.USERS_SUBJECTS ADD CONSTRAINT FKMSLW7WMND17MFAL87LTS6H68D FOREIGN KEY (USERS_ID) REFERENCES USERS (ID) ON DELETE CASCADE;
ALTER TABLE PUBLIC.USERS_SUBJECTS DROP CONSTRAINT FK7BWCD3WPFHA2R4KK5K2MO8J55; ALTER TABLE PUBLIC.USERS_SUBJECTS ADD CONSTRAINT FK7BWCD3WPFHA2R4KK5K2MO8J55 FOREIGN KEY (SUBJECTS_ID) REFERENCES SUBJECTS (ID) ON DELETE CASCADE;